Des,SlotId,SlotName,"Đục lỗ trên người từ 1 đến 48, đục lỗ trên cánh từ 51 đến 98, đục lỗ trên vũ khí từ 101 đến 150, đục lỗ trên ngựa từ 151 đến 200"
Đục lỗ tay phải,1,B_RH,
Đục lỗ tay trái,2,B_LH,
Đục lỗ cánh,3,B_Spine2,
Căn cốt 1,4,Bip001,
Căn cốt 2,5,Bip01,
Lỗ lưng,6,back,
Lỗ Đai Cơ Thể,7,Bip01 Spine1,
Lỗ bên tay phải,8,Bone001,
npc tay phải,11,S_RH,
npc tay trái,12,S_LH,
npc chân phải,13,S_RH_01,
npc chân trái,14,S_LH_01,
npc đầu,15,S_Hat,
npc đỉnh đầu,16,S_HAT_01,
Tay Phải,17,Bip01 R Hand,
Tay Trái,18,Bip01 L Hand,
Chân Phải,19,Bip01 R Foot,
Chân Trái,20,Bip01 L Foot,
Lỗ đầu,21,Bip001 Head,
Vĩ Ba Cốt Cách,22,Bip01 Pelvis,
Mã Bối,152,B_Hs,
Thú Cưỡi Đôi-Trước,153,B_Hs001,
Thú Cưỡi Đôi-Sau,154,B_Hs002,
Thần Cơ Ưng-Trái,155,Bone033,
Thần Cơ Ưng-Phải,156,Bone033(mirrored),
