SkillId,Desc,Selector,LiftPercent
8815,Nhật Nguyệt Sơn Hà Toái,,
8817,Băng Phách Hồng Liên Kiếp,,
8824,Lạc Hoa Phần Tinh Viêm ,,
8829,Hoàn Vũ Tiêu Dao Du,,
8830,Vạn Kiếm Phong Thiên Quyết ,,
8835,Thiên Ma Ảnh Ảo Sát,,
8836,Như Ảnh Tùy Hình Diệt,,
8838,Sương Thiên Bách Hoa Tán,,
8840,Thiên Cơ Khổng Tước Linh,,
8844,Côn Hư Trụy Vô Phong,,
8846,Giáng Long Thập Bát Chưởng,,
8851,Ngũ Thánh Phệ Tâm Cổ,,
8857,Vân Phi Ngọc Hoàng Trảm,,
8859,Nghê Thường Vũ Y Khúc ,,
8860,Thiên Âm Trấn Hồn Khúc,,
8862,Thiên Phong Đoạn Nhạc Trảm ,,
8864,Thái Nhạc Tam Thanh Phong,,
8866,Tịnh Thế Phá Ma Kích,,
8868,Hãn Hải Bách Trượng Băng,,
8875,Chấp Bút Họa Giang Sơn,,
8876,Bích Nguyệt Phi Tinh Kích,,
8877,Liệt Diệm Phá Không Trảm,,
8879,Kinh Hồng Cao Thiên Kích,,
8881,Thương Minh Ngưng Thế Kiếp,,
8883,Vạn Linh Trụy Tinh Lan ,,
8884,Thiên Chướng Băng Long Liệt,,
8886,Vạn Linh Lâm Mộng Yểm,,
8888,Cửu Tiêu Thần Phạt Dẫn ,,
8889,Phần Thế Tần Bát Hoang,,
8891,Kinh Hồng Du Long Trảm ,,
8801,Huyền Khung Ngự Cửu Uyên ,,
8803,Thanh Loan Niết Hàn Ca,,
8807,Thái Hư Địch Trần Quang,,
8808,Thiên La Sách Mệnh Kiếp,,
8809,Nghiệp Hỏa Phần Tâm Ngục,,
8810,Cửu U Phệ Hồn Chú,,
213,Kim Chung Tráo,,
206,Nhất Kích Sát Thần,,
208,Bá Vương Nộ Hống,,
210,Huyết Chiến Bát Phương,,
270,Kim Cang Phục Ma,,
272,Thập Nhị Cầm Long Thủ,,
268,Đại Lực Kim Cang Chỉ,,
266,Hàng Long Côn,,
306,Từ Hàng Phổ Độ,Poorest,95
308,Bạch Lộ Ngưng Sương,,
310,Giang Hải Ngưng Ba,,
312,Thiên Vũ Bảo Luân,,
406,Hỏa Phượng Liêu Nguyên,,
407,Phi Hỏa Lưu Tinh,,
410,Cửu Diệu Liên Châu,,
412,Xuyên Vân Phá Nguyệt,,
506,Đẩu Chuyển Tinh Di,,
507,Thất Thám Xà Bàn,,
510,Bạch Hồng Quán Nhật,,
513,Phong Quyển Tàn Vân,,
613,Tọa Vọng Vô Ngã,,
615,Thiên Địa Vô Cực,,
609,Kiếm Phi Kinh Thiên,,
611,Nhân Kiếm Hợp Nhất,,
711,Huyết Nguyệt Ảnh,,
705,Ma Diệm Tại Thiên,,
722,Nhiếp Hồn Loạn Tâm,,
708,Tử Vong Hồi Toàn,,
833,Hùng Miêu Xung Đỉnh,,
810,Triệu hồi,,
806,Tuyền Cơ La Vũ,,
816,Băng Tung Vô Ảnh,,
808,Vũ Đả Lê Hoa,,
1105,Đồng Hành-Kim Chung Tráo,,
1232,Đồng Hành-Bạch Hồng Quán Nhật,,
1136,Đồng Hành-Giang Hải Ngưng Ba,,
1188,Đồng Hành-Phi Hỏa Lưu Tinh,,
1262,Skill Đồng Hành 2,,
1278,,,
1280,,,
1282,,,
1284,,,
1287,,,
1290,Tô Mặc Vân-Kiếm Trận,,
1293,Tô Mặc Vân-Phi Trảm,,
1296,Cơ Ngự Thiên-Liên kích,,
1300,Cơ Ngự Thiên-Bài Sơn Đáo Hải,,
1757,Thiên Ngoại Phi Tiên,,
1760,Mộng Điệp Kiếm,,
1763,Liệt Hỏa Tình Thiên,,
1768,Hoa Phi Hồ Điệp Kiếm,,
1772,Trung Quán Bạch Nhật,Player,
2502,Tử Hiên-Mị Hoặc,,
2505,Tử Hiên-Yến Vũ,,
2509,Tường Vi-Liên Hoàn Tinh Nguyệt,,
2512,Tường Vi-Liên Hoàn Tam Tinh Nguyệt,,
2514,Triết Biệt-Thiết Kỵ Đột Tập,,
2516,Triết Biệt-Vạn Tiễn Tề Phát,,
2519,Viên Thừa Chí-Kiếm Khí,,
2523,Viên Thừa Chí-Thái Ất Sinh Phong,,
2525,Diệp Vô Tâm-Toàn Phiến,,
2529,Tiết Ngân Dược-Phách Không Chưởng,,
2530,Tiết Ngân Dược-Độc,,
2533,Lang Vương-Hào Khiếu,,
2536,Lang Vương-Xé Toạc,,
2545,Báo Vương-Thiên Hỏa Liệt Trảo,,
2547,Hồ Vương-Phong Nhẫn Vũ,,
2549,Hồ Vương-Ảnh Phong Trảm,,
2553,Lộc Vương-Xoáy Nước,,
2555,Lộc Vương-Hàn Băng Xung Đỉnh,,
2561,Nạp Lan Chân-Từ Hàng Phổ Độ,Poorest,95
2515,Triết Biệt-Thuộc tính cộng hưởng,Player,
2522,Viên Thừa Chí-Thuộc tính cộng hưởng,Player,
2527,Diệp Vô Tâm-Thuộc tính cộng hưởng,Player,
2563,Nạp Lan Chân-Thuộc tính cộng hưởng,Player,
2565,Tiểu Ảnh Phong-Họa Địa Vi Lao,,
2567,Tiểu Ảnh Phong-Thuộc tính cộng hưởng,Player,
2569,Công Thâu Linh Hoành Phong,,
2572,Công Thâu Linh Long Quyển Phong,,
2575,Nạp Lan Tiềm Lẫm Kiếm Thích,,
2577,Nạp Lan Tiềm Lẫm-Thuộc tính cộng hưởng,Player,
2578,Nạp Lan Tiềm Lẫm Trọng Kiếm Phá Trần,,
2582,Trác Phi Phàm Thập Tự Kiếm,,
2587,Trác Phi Phàm Kiếm Vũ,,
2558,,,
2591,,,
1115,,,
1238,,,
1144,Thiên Vũ Bảo Luân,,95
1195,,,
2521,,,
2626,Mộc Tử Y-Ám Thích,,
2630,Hỏa Vẫn,,
2635,Độc,,
2638,Ngao Bái-Thần Lực,,
2640,Trọng Kích,,
2642,Băng Tâm Tiên Tử,,
2644,Dũng Tuyền,,
2655,Nỏ Tiễn Liên Hoàn,,
2657,Tiềm Thổ Băng Thích,,
2660,Hoàn Tiêu,,
2662,Bán Nguyệt Trảm,,
2663,Hỏa Cầu x3,,
2664,Trọng Tiễn,,
2666,Hàn Băng Thích ,,
2668,Khai Thiên Phách Địa,,
2670,Bá Phong,,
2672,Thiên Ngoại Phi Tiên,,
2674,Quy Nguyên,Player,
2681,Vô Địch Trảm,,
2684,Xuyên Ảnh Trảm,,
2688,Huyền Minh Hấp Tinh,,
2691,Nộ Phong Phá Tập,,
2692,Trọng Quyền,,
2697,Hoành Tảo Nhất Kích,,
2699,Hàn Băng Tam Nhẫn,,
2713,Kim Chung Tráo,,
2706,Nhất Kích Sát Thần,,
2708,Bá Vương Nộ Hống,,
2710,Huyết Chiến Bát Phương,,
2747,Duy Trì Nhóm Tại Chỗ (Băng Nhũ) ,,
2805,Kiếm Phi Kinh Thiên,,
2832,Thập Tự Kiếm,,
2837,Phong Quyển,,
2841,Trảm Phi,,
2844,Đoạt Hồn Liên,,
2851,Hoa Phi Hồ Điệp Kiếm,,
2854,Bát Quái Trận,,
2857,Quyết Biệt,,
2860,Kiếm Phi Kinh Thiên,,
2867,Thiên Ngoại Phi Tiên,,
2871,Trấn Ngục Phá Thiên Kình,,
2878,Kiếm Khí Lăng Vân,,
2879,Hàng Long Phục Tượng Công,,
2880,Tàn Dương Như Huyết,,
2881,Hoành Tảo Thiên Quân,,
2882,Cửu Khê Di Yên,,
2886,Y Phong Kiếm Pháp,,
2888,Phong Tuyết Cuồng Đao,,
2893,Hành Sơn Tuyết,,
24,Sát thương nhóm cận chiến 1,,
25,Sát thương nhóm cận chiến 2,,
26,Sát thương nhóm cận chiến 3,,
27,Sát thương nhóm cận chiến 4,,
59,Sát thương nhóm cận chiến 5,,
28,Sát Thương Nhóm Xung Quanh 1,,
29,Sát Thương Nhóm Xung Quanh 2,,
30,Sát Thương Nhóm Xung Quanh 3,,
31,Sát Thương Nhóm Xung Quanh 4,,
61,Sát Thương Nhóm Xung Quanh 5,,
42,Sát thương nhóm nhanh tầm xa 1,,
43,Sát thương nhóm nhanh tầm xa 2,,
44,Sát thương nhóm nhanh tầm xa 3,,
45,Sát thương nhóm nhanh tầm xa 4,,
63,Sát thương nhóm nhanh tầm xa 5,,
46,Khống chế đơn tầm xa 1,,
47,Khống chế đơn tầm xa 2,,
48,Khống chế đơn tầm xa 3,,
49,Khống chế đơn tầm xa 4,,
65,Khống chế đơn tầm xa 5,,
50,Khống chế nhóm tụ lực tầm xa 1,,
51,Khống chế nhóm tụ lực tầm xa 2,,
52,Khống chế nhóm tụ lực tầm xa 3,,
53,Khống chế nhóm tụ lực tầm xa 4,,
66,Khống chế nhóm tụ lực tầm xa 5,,
2439,Va Chạm 1-Khống Chế,,
2441,Va Chạm 2-Khống Chế,,
2443,Va Chạm 3-Khống Chế,,
2445,Va Chạm 4-Khống Chế,,
2470,Va Chạm 5-Khống Chế,,
2357,Xung Phong 1,,
2351,Xung Phong 2,,
2360,Xung Phong 3,,
2354,Xung Phong 4,,
2472,Xung Phong 5,,
2363,Hoành Tảo 1,,
2364,Hoành Tảo 2,,
2475,Hoành Tảo 3,,
2365,Hoành Tảo 4,,
2366,Hoành Tảo 5,,
2367,Sát thương duy trì xung quanh bản thân 1 (Có thể di chuyển) ,,
2368,Sát thương duy trì xung quanh bản thân 2 (Có thể di chuyển) ,,
2369,Sát thương duy trì xung quanh bản thân 3 (Có thể di chuyển) ,,
2370,Sát thương duy trì xung quanh bản thân 4 (Có thể di chuyển) ,,
2476,Sát thương duy trì xung quanh bản thân 5 (Có thể di chuyển) ,,
2371,Sát thương tức thời xung quanh mục tiêu 1,,
2373,Sát thương tức thời xung quanh mục tiêu 2,,
2375,Sát thương tức thời xung quanh mục tiêu 3,,
2377,Sát thương tức thời xung quanh mục tiêu 4,,
2477,Sát thương tức thời xung quanh mục tiêu 5,,
2427,Sát thương duy trì xung quanh mục tiêu 1,,
2430,Sát thương duy trì xung quanh mục tiêu 2,,
2433,Sát thương duy trì xung quanh mục tiêu 3,,
2437,Sát thương duy trì xung quanh mục tiêu 4,,
2480,Sát thương duy trì xung quanh mục tiêu 5,,
2380,Sát thương phạm vi hình quạt 1 (Thi Triển),,
2382,Sát thương phạm vi hình quạt 2 (Thi Triển),,
2383,Sát thương phạm vi hình quạt 3 (Thi Triển),,
2484,Sát thương phạm vi hình quạt 4 (Thi Triển),,
2384,Sát thương phạm vi hình quạt 5 (Thi Triển),,
2425,Sát thương phạm vi hình quạt 6 (Thi Triển),,
2486,Sát thương đường thẳng 1 (Thi Triển),,
2487,Sát thương đường thẳng 2 (Thi Triển),,
2488,Sát thương đường thẳng 3 (Thi Triển),,
2489,Sát thương đường thẳng 4 (Thi Triển),,
2447,Sát thương đường thẳng 5 (Thi Triển),,
2393,Sát thương phạm vi hình quạt 1 (Tụ Lực),,
2391,Sát thương phạm vi hình quạt 2 (Tụ Lực),,
2387,Sát thương phạm vi hình quạt 3 (Tụ Lực),,
2389,Sát thương phạm vi hình quạt 4 (Tụ Lực),,
2490,Sát thương phạm vi hình quạt 5 (Tụ Lực),,
1568,Kỹ năng kích hoạt bẫy 1,,
1554,Kỹ năng kích hoạt bẫy 2,,
1558,Kỹ năng kích hoạt bẫy 3,,
2396,Kỹ năng kích hoạt bẫy 4,,
1556,Kỹ năng kích hoạt bẫy-Trị Liệu,,
2405,Cường Lực (buff),,
2406,Bẫy Chu Kỳ,,
2408,Bẫy Phun 1-Long Trụ,,
2410,Bẫy Phun 2-Long Trụ,,
2412,Bẫy Phun 3-Long Trụ,,
2414,Bẫy Phun 4-Long Trụ,,
2457,Bẫy Phun 1-Thường,,
2459,Bẫy Phun 2-Thường,,
2461,Bẫy Phun 3-Thường,,
2463,Bẫy Phun 4-Thường,,
1537,Cuồng Bạo (buff) ,,
2709,Kinh Cúc (buff) ,,
2453,Bẫy Liên Tục 1,,
2454,Bẫy Liên Tục 2,,
2493,Bẫy Liên Tục 3,,
2495,Địa Diệm Hỏa (Tụ Lực) ,,
1878,Vẫn Thạch (Tụ Lực) ,,
1890,Bẫy Phun 5-Long Trụ,,
1874,Xung Phong-Thường,,
1876,Toàn Phong Trảm,,
942,Tảng Đá Lớn,,
946,Vỗ Cánh,,
950,Tâm Nhãn,,
953,Hô Phong Thuật,,
955,Ảnh Tập,,
960,Âm Phong Thực Cốt,,
965,Lạc Anh Mạn Thiên,,
967,Phong Lai Ngô Sơn,,
970,Minh Nguyệt Quyết,,
971,Tìm Thái Hồng,,
973,Thanh Tâm Thuật,Random,
975,Đẩu Chuyển Tinh Di,,
978,Phong Tuyết Băng Thiên,,
980,Ma Diệm Tại Thiên,,
984,Mục Dã Lưu Tinh,,
2540,Mãnh Lực,,
2544,Phong Vũ Nhẫn,,
2803,Tọa Vọng Vô Ngã,,
2813,Thiên Địa Vô Cực,,
2819,Huyết Nguyệt Ảnh,,
2829,Nhiếp Hồn Loạn Tâm,,
901,Huy Khảm Thuật,,
902,Băng Chùy Thuật,,
903,Phi Tiêu Thuật,,
904,Hỏa Cầu Thuật,,
905,Lôi Quang Thuật,,
906,Phá Thiên Trảm ,,
907,Băng Phong Chỉ,,
908,Tụ Lý Tiễn,,
909,Liệt Diệm Chỉ,,
910,Nộ Lôi Chỉ ,,
911,Bán Nguyệt Trảm,,
912,Kinh Đào Hãi Lãng,,
914,Xuyên Tâm Thích,,
916,Thôi Sơn Điền Hải,,
917,Cửu Thiên Cuồng Lôi,,
921,Thuật Trị Liệu,Poorest,95
923,Quần Thể Trị Liệu Thuật,Poorest,95
925,Bách Thảo Tiên Lộ,Poorest,95
927,Độc Chướng Thuật,,
928,Quần Thể Độc Chướng,,
930,Kim Cang Hộ Thể,Random,
931,Quần Thể Kim Cang,,
933,Bất Động Minh Vương,Random,
934,Quần Thể Minh Vương,,
940,Súc Lực Tiễn,,
992,Lạc Thạch,,
995,Bi Tô Thanh Phong,,
998,Nhân Kiếm Hợp Nhất,,
999,Trị Liệu Thuật ,Poorest,95
3026,Mai phục,,
3066,Trường Sinh Bất Lão,,
3162,Hùng Miêu Xung Đỉnh,,
3202,Sơn Băng Địa Liệt,,
3205,Thất Thám Xà Bàn,,
3209,Xạ Thạch Hổ,,
3213,Bổ Nhào,,
3225,Hộ Giá,,
3235,Kim Thi,,
3238,Mật Lâm Đấu Phồn Tinh,,
3241,Nghịch Lưu,,
3244,Tam Muội Li Hỏa Ngục,,
3247,Bát Phương Tinh Lôi Đỗng,,
3250,Quần Thể Kim Cang-Cao,,
3252,Quần Thể Minh Vương-Cao,,
3257,Phá Thiên Nhất Kích,,
3259,Thập Phương Câu Tĩnh,,
3261,Quần Thể Độc Chướng-Cao,,
4012,Cửu Cung Phi Tinh,,
4008,Bạo Vũ Lê Hoa,,
4006,Triền Thân Thích,,
4106,Tiên Nhân Chỉ Lộ,,
4108,Hỗn Độn Kiếm Trận,,
4110,Khiếu Phong Tam Liên Kích,,
4112,Lôi Động Cửu Thiên,,
3278,Cửu Cung Phi Tinh-Đường Giản Đồng Hành,,
1787,Cửu Cung Phi Tinh-Đường Giản Minh Chủ,,
1790,Xuyên Tâm Tiêu-Đường Giản Minh Chủ,,
4323,Kỹ năng Linh Xà (Tàn phế) ,,
4325,Kỹ năng Bích Thiềm (Giảm Kháng Mộc) ,,
4330,Kỹ năng Phong Ngô (Giảm né tránh) ,,
4333,Kỹ năng Mặc Thù (Tăng thời gian Độc),,
4211,Túy Điệp Cuồng Vũ,,
4208,Khốn Long Công,,
4213,Long Chiến Vu Dã,,
4206,Hàng Long Hữu Hối,,
4312,Triệu Hồi Độc Trùng,,
4334,Mê Tâm Cổ,,
4309,Âm Phong Thực Cốt,,
4339,Vạn Cổ Thực Tâm,,
3283,Phong Quyển Sa,,
3289,Âm Phong Thực Cốt,,
3292,Hàng Long Hữu Hối,,
3295,Bạo Vũ Lê Hoa,,
3902,Hồng Môn Yến,,
3906,Hàng Băng Thích,,
3909,Hạt Hoàng Cổ,,
3914,Ngục Hỏa Thiên Diệm,,
3924,Phi Yến Lăng Ba,,
3925,Ngân Bình Ngọc Toái,,
4410,Tâm Kiếm,,
4413,Phong Tháp Vân Cảnh,,
4408,Bình Hồ Đoạn Nguyệt,,
4406,Cửu Khê Di Yên,,
4508,Vân Sinh Kết Hải,,
4518,Giang Trục Nguyệt Thiên,,
4512,Thanh Âm Trường Khiếu,,
4506,Bình Sa Nhạn Lạc,,
3921,Sức Mạnh Nữ Đế,,
3918,Thanh Sơn Ngã Ý,,
3970,Vạn Lý Nhung Cơ,,
4611,Không Sơn Ngưng Vân,,
4608,Ngân Bình Ngọc Toái,,
4613,Thủy Long Ngâm,,
4606,Phi Yến Lăng Ba,,
1780,Ám Ảnh Thích,,
5015,Bá Đao-Cuồng Bạo,,
5008,Bá Đao-Xung Kích,,
5011,Bá Đao-Xé Toạc,,
5005,Bá Đao-Huyết Đao,,
5212,Triều Dương Nhất Khí,,
5209,Thiên Thân Đảo Huyền,,
5215,Phong Tống Tử Hà,,
5206,Tiêu Sử Thừa Long,,
5511,Hỏa Quang Tàn Ảnh,,
5508,Điện Quang Thạch Hỏa,,
5515,Hủy Thiên Diệt Địa,,
5506,Phần Sơn Phệ Xuyên,,
3928,Hợp Tung Liên Hoành,,
5626,Thủy Long Ngục,,
5611,Lục Mạch Thần Kiếm,,
5606,Nhất Dương Chỉ,,
5608,Ngũ La Khinh Yên,,
5703,Khải Minh Nộ,,
5705,Câu Mang Hoán Kinh,,
5707,Nộ Sương Cuồng Thao,,
5709,Phần Thiên Hỏa Tế,,
5711,Đại Địa Mãng Động,,
5713,Siêu Quần Kim Cang,,
5716,Siêu Quần Minh Vương,,
5721,Phá Thiên Kinh Nguyệt,,
5724,Bách Niệm Cụ Diệt,,
5726,Độc Lang Ác Vụ,,
3932,Thuần Dương Vô Cực Công,,
3939,Hỏa Tận Tân Truyền,,
5805,Chấp Dĩnh Điểm Mặc,,
5839,Dữ Hổ Thiêm Dực,,
5812,Hội Hổ Điểm Tinh,,
5810,Mặc Hổ Như Sinh,,
5808,Lan Thôi Ngọc Chiết,,
6008,Khiếu Phong Quyết,,
6005,Lưu Quang Tuyệt Ảnh,,
6007,Toái Kim Tiễn Thuật,,
6011,Cung Thiết Thương,,
6018,Kỳ Môn Thuẫn,,
6016,Bôn Lang Thương,,
6021,Hoành Tảo Thiên Quân,,
6022,Thương Thiết Cung,,
6208,Mê Thần Ảo Ảnh,,
6206,Đạp Diễm Trục Quang,,
6211,Toàn Vũ Trảm,,
6212,Đao Thần Giáng Thế,,
6213,Đao Thần Giáng Thế-Xung Kích,,
8212,Cửu Cung Phi Tinh,,
8208,Bạo Vũ Lê Hoa,,
8206,Triền Thân Thích,,
8301,Trảm Liệt Đao Pháp,,
8305,Lưu Tinh Hãn Nguyệt,,
8307,Đao Trấn Tứ Hải,,
8308,Cuồng Long Quy Uyên,,
8413,Kim Chung Tráo,,
8406,Nhất Kích Sát Thần,,
8408,Bá Vương Nộ Hống,,
8410,Huyết Chiến Bát Phương,,
8705,Trường Hà Đoạn Nguyệt ,,
8706,Tiến cấp Trường Hà Đoạn Nguyệt,,
8710,Hắc Phong Quyển Kỳ ,,
8712,Cô Hồng Lược Ảnh,,
8720,Tây Xuất Ngọc Môn ,,
