ActId,ActName,ActName1,ActName2,ActName3,RideActName,RideActName1,RideActName2,RideActName3,RideActName4,RideActName5,RideActName6,RideActName7,RideActName8,RideActName9,RideActName10,RideActName11,RideActName12,RideActName13,RideActName14,RideActName15,RideActName16,RideActName17,RideActName18,RideActName19,RideActName20,RideActName21,RideActName22,RideActName23,RideActName24,RideActName25,RideActName26,RideActName27,RideActName28,RideActName29,RideActName30,RideActName31,RideActName32,RideActName33,RideActName34,RideActName35,RideActName36,RideActName37,RideActName38,RideActName39,RideActName40,RideActName41,RideActName42,RideActName43,RideActName44,RideActName45,RideActName46,RideActName47,RideActName48,RideActName49,RideActName50,RideActName51,RideActName52,RideActName53,RideActName54,RideActName55,RideActName56,RideActName57,RideActName58,HidePart,RideHidePart,Des
1,st,stpf,,xmst,hst,wst,est,bst,cst,ast,crst,tost,gst,chst,st,tist,rst,rhst,sst,phst,Chair03st,h23st,List,gost,H024st,bast,bust,kyst,Linest,Carrist,foxst,Ra04st,past,wast,Palst,pandast,msst,starst,pigst,sheepst,pegst,rayst,H025st,chhust,lpst,wost,cobaye01st,tast,Djst,CTst,Pherest,Gest,Kist,Xzst,hqst,Wanst,Goost,woost,crost,Blst,H26st,Ferst,Swst,,1,ID 15 đến 50 là động tác thiết lập kỹ năng
2,run,,run_g,xmrun,hrun,wrun,erun,brun,crun,arun,crrun,torun,grun,chrun,jn02a,tirun,rrun,rhrun,srun,phrun,Chair03run,h23run,Lirun,gorun,H024run,barun,burun,kyrun,Linerun,Carrirun,foxrun,Ra04run,parun,warun,Palrun,pandarun,msrun,starrun,pigrun,sheeprun,pegrun,rayrun,H025run,chhurun,lprun,worun,cobaye01run,tarun,Djrun,CTrun,Phererun,Gerun,Kirun,Xzrun,hqrun,Wanrun,Goorun,woorun,crorun,Blrun,H26run,Ferrun,Swrun,,1,
3,die,,,,die,die,die,die,die,die,die,die,die,die,die,die,die,die,die,die,die,die,die,die,die,die,die,die,die,die,die,die,die,die,die,die,die,die,die,die,die,die,die,die,die,die,die,die,die,die,die,die,die,die,die,die,die,die,die,die,die,die,die,,1,
4,jt,,jt_g,,hst,wst,est,bst,cst,ast,crst,tost,gst,chst,jn02a,tist,rst,rhst,sst,phst,Chair03st,h23st,List,gost,H024st,bast,bust,kyst,Linest,Carrist,foxst,Ra04st,past,wast,Palst,pandast,msst,starst,pigst,sheepst,pegst,rayst,H025st,chhust,lpst,wost,cobaye01st,tast,Djst,CTst,Pherest,Gest,Kist,Xzst,hqst,Wanst,Goost,woost,crost,Blst,H26st,Ferst,Swst,,1,Động tác Đẩy Lùi
5,bat,,bat_g,,hst,wst,est,bst,cst,ast,crst,tost,gst,chst,jn02a,tist,rst,rhst,sst,phst,Chair03st,h23st,List,gost,H024st,bast,bust,kyst,Linest,Carrist,foxst,Ra04st,past,wast,Palst,pandast,msst,starst,pigst,sheepst,pegst,rayst,H025st,chhust,lpst,wost,cobaye01st,tast,Djst,CTst,Pherest,Gest,Kist,Xzst,hqst,Wanst,Goost,woost,crost,Blst,H26st,Ferst,Swst,,1,Động tác kéo
6,qg,,qg_g,,hrun,wrun,erun,brun,crun,arun,crrun,torun,grun,chrun,jn02a,tirun,rrun,rhrun,srun,phrun,Chair03run,h23run,Lirun,gorun,H024run,barun,burun,kyrun,Linerun,Carrirun,foxrun,Ra04run,parun,warun,Palrun,pandarun,msrun,starrun,pigrun,sheeprun,pegrun,rayrun,H025run,chhurun,lprun,worun,cobaye01run,tarun,Djrun,CTrun,Phererun,Gerun,Kirun,Xzrun,hqrun,Wanrun,Goorun,woorun,crorun,Blrun,H26run,Ferrun,Swrun,,1,
7,sta,,sta_g,xmst,hst,wst,est,bst,cst,ast,crst,tost,gst,chst,jn02a,tist,rst,rhst,sst,phst,Chair03st,h23st,List,gost,H024st,bast,bust,kyst,Linest,Carrist,foxst,Ra04st,past,wast,Palst,pandast,msst,starst,pigst,sheepst,pegst,rayst,H025st,chhust,lpst,wost,cobaye01st,tast,Djst,CTst,Pherest,Gest,Kist,Xzst,hqst,Wanst,Goost,woost,crost,Blst,H26st,Ferst,Swst,,1,Đứng chiến đấu 
8,bat,,,,hst,wst,est,bst,cst,ast,crst,tost,gst,chst,jn02a,tist,rst,rhst,sst,phst,Chair03st,h23st,List,gost,H024st,bast,bust,kyst,Linest,Carrist,foxst,Ra04st,past,wast,Palst,pandast,msst,starst,pigst,sheepst,pegst,rayst,H025st,chhust,lpst,wost,cobaye01st,tast,Djst,CTst,Pherest,Gest,Kist,Xzst,hqst,Wanst,Goost,woost,crost,Blst,H26st,Ferst,Swst,,1,Động tác Đánh Bay
9,bat,,,,hst,wst,est,bst,cst,ast,crst,tost,gst,chst,jn02a,tist,rst,rhst,sst,phst,Chair03st,h23st,List,gost,H024st,bast,bust,kyst,Linest,Carrist,foxst,Ra04st,past,wast,Palst,pandast,msst,starst,pigst,sheepst,pegst,rayst,H025st,chhust,lpst,wost,cobaye01st,tast,Djst,CTst,Pherest,Gest,Kist,Xzst,hqst,Wanst,Goost,woost,crost,Blst,H26st,Ferst,Swst,,1,Động tác bị thương
10,wlk,,,,run,run,run,run,run,run,run,run,run,run,run,run,run,run,run,run,run,run,run,run,run,run,run,run,run,run,run,run,run,run,run,run,run,run,run,run,run,run,run,run,run,run,run,run,run,run,run,run,run,run,run,run,run,run,run,run,run,run,run,,1,Tản bộ
11,zx,zxpf,,,hst,wst,est,bst,cst,ast,crst,tost,gst,chst,jn02a,tist,rst,rhst,sst,phst,Chair03st,h23st,List,gost,H024st,bast,bust,kyst,Linest,Carrist,foxst,Ra04st,past,wast,Palst,pandast,msst,starst,pigst,sheepst,pegst,rayst,H025st,chhust,lpst,wost,cobaye01st,tast,Djst,CTst,Pherest,Gest,Kist,Xzst,hqst,Wanst,Goost,woost,crost,Blst,H26st,Ferst,Swst,1,1,Ngồi
12,zst,zstpf,,,hst,wst,est,bst,cst,ast,crst,tost,gst,chst,jn02a,tist,rst,rhst,sst,phst,Chair03st,h23st,List,gost,H024st,bast,bust,kyst,Linest,Carrist,foxst,Ra04st,past,wast,Palst,pandast,msst,starst,pigst,sheepst,pegst,rayst,H025st,chhust,lpst,wost,cobaye01st,tast,Djst,CTst,Pherest,Gest,Kist,Xzst,hqst,Wanst,Goost,woost,crost,Blst,H26st,Ferst,Swst,1,1,Ngồi thiền
13,st01,stpf01,,,hst,wst,est,bst,cst,ast,crst,tost,gst,chst,jn02a,tist,rst,rhst,sst,phst,Chair03st,h23st,List,gost,H024st,bast,bust,kyst,Linest,Carrist,foxst,Ra04st,past,wast,Palst,pandast,msst,starst,pigst,sheepst,pegst,rayst,H025st,chhust,lpst,wost,cobaye01st,tast,Djst,CTst,Pherest,Gest,Kist,Xzst,hqst,Wanst,Goost,woost,crost,Blst,H26st,Ferst,Swst,,1,Vị trí đặc biệt phi chiến đấu
14,st02,,,,hst,wst,est,bst,cst,ast,crst,tost,gst,chst,jn02a,tist,rst,rhst,sst,phst,Chair03st,h23st,List,gost,H024st,bast,bust,kyst,Linest,Carrist,foxst,Ra04st,past,wast,Palst,pandast,msst,starst,pigst,sheepst,pegst,rayst,H025st,chhust,lpst,wost,cobaye01st,tast,Djst,CTst,Pherest,Gest,Kist,Xzst,hqst,Wanst,Goost,woost,crost,Blst,H26st,Ferst,Swst,,1,Vị trí đặc biệt phi chiến đấu
15,at,,,,hst,wst,est,bst,cst,ast,crst,tost,gst,chst,jn02a,tist,rst,rhst,sst,phst,Chair03st,h23st,List,gost,H024st,bast,bust,kyst,Linest,Carrist,foxst,Ra04st,past,wast,Palst,pandast,msst,starst,pigst,sheepst,pegst,rayst,H025st,chhust,lpst,wost,cobaye01st,tast,Djst,CTst,Pherest,Gest,Kist,Xzst,hqst,Wanst,Goost,woost,crost,Blst,H26st,Ferst,Swst,,1,
16,at01,,,,at001,at001,at001,at001,at001,at001,at001,at001,at001,at001,at001,at001,at001,at001,at001,at001,at001,at001,at001,at001,at001,at001,at001,at001,at001,at001,at001,at001,at001,at001,at001,at001,at001,at001,at001,at001,at001,at001,at001,at001,at001,at001,at001,at001,at001,at001,at001,at001,at001,at001,at001,at001,at001,at001,at001,at001,at001,at001,at001,,1,
17,at02,,,,hst,wst,est,bst,cst,ast,crst,tost,gst,chst,jn02a,tist,rst,rhst,sst,phst,Chair03st,h23st,List,gost,H024st,bast,bust,kyst,Linest,Carrist,foxst,Ra04st,past,wast,Palst,pandast,msst,starst,pigst,sheepst,pegst,rayst,H025st,chhust,lpst,wost,cobaye01st,tast,Djst,CTst,Pherest,Gest,Kist,Xzst,hqst,Wanst,Goost,woost,crost,Blst,H26st,Ferst,Swst,,1,
18,at03,,,,hst,wst,est,bst,cst,ast,crst,tost,gst,chst,jn02a,tist,rst,rhst,sst,phst,Chair03st,h23st,List,gost,H024st,bast,bust,kyst,Linest,Carrist,foxst,Ra04st,past,wast,Palst,pandast,msst,starst,pigst,sheepst,pegst,rayst,H025st,chhust,lpst,wost,cobaye01st,tast,Djst,CTst,Pherest,Gest,Kist,Xzst,hqst,Wanst,Goost,woost,crost,Blst,H26st,Ferst,Swst,,1,
19,at04,,,,hst,wst,est,bst,cst,ast,crst,tost,gst,chst,jn02a,tist,rst,rhst,sst,phst,Chair03st,h23st,List,gost,H024st,bast,bust,kyst,Linest,Carrist,foxst,Ra04st,past,wast,Palst,pandast,msst,starst,pigst,sheepst,pegst,rayst,H025st,chhust,lpst,wost,cobaye01st,tast,Djst,CTst,Pherest,Gest,Kist,Xzst,hqst,Wanst,Goost,woost,crost,Blst,H26st,Ferst,Swst,,1,
20,jfd,,jfd_g,,hst,wst,est,bst,cst,ast,crst,tost,gst,chst,jn02a,tist,rst,rhst,sst,phst,Chair03st,h23st,List,gost,H024st,bast,bust,kyst,Linest,Carrist,foxst,Ra04st,past,wast,Palst,pandast,msst,starst,pigst,sheepst,pegst,rayst,H025st,chhust,lpst,wost,cobaye01st,tast,Djst,CTst,Pherest,Gest,Kist,Xzst,hqst,Wanst,Goost,woost,crost,Blst,H26st,Ferst,Swst,,1,Tử vong đánh bay
21,jn01,,,,hst,wst,est,bst,cst,ast,crst,tost,gst,chst,jn02a,tist,rst,rhst,sst,phst,Chair03st,h23st,List,gost,H024st,bast,bust,kyst,Linest,Carrist,foxst,Ra04st,past,wast,Palst,pandast,msst,starst,pigst,sheepst,pegst,rayst,H025st,chhust,lpst,wost,cobaye01st,tast,Djst,CTst,Pherest,Gest,Kist,Xzst,hqst,Wanst,Goost,woost,crost,Blst,H26st,Ferst,Swst,,1,
22,jn02,,,,hst,wst,est,bst,cst,ast,crst,tost,gst,chst,jn02,tist,rst,rhst,sst,phst,Chair03st,h23st,List,gost,H024st,bast,bust,kyst,Linest,Carrist,foxst,Ra04st,past,wast,Palst,pandast,msst,starst,pigst,sheepst,pegst,rayst,H025st,chhust,lpst,wost,cobaye01st,tast,Djst,CTst,Pherest,Gest,Kist,Xzst,hqst,Wanst,Goost,woost,crost,Blst,H26st,Ferst,Swst,,1,
23,jn03,,,,hst,wst,est,bst,cst,ast,crst,tost,gst,chst,jn02a,tist,rst,rhst,sst,phst,Chair03st,h23st,List,gost,H024st,bast,bust,kyst,Linest,Carrist,foxst,Ra04st,past,wast,Palst,pandast,msst,starst,pigst,sheepst,pegst,rayst,H025st,chhust,lpst,wost,cobaye01st,tast,Djst,CTst,Pherest,Gest,Kist,Xzst,hqst,Wanst,Goost,woost,crost,Blst,H26st,Ferst,Swst,,1,
24,jn04,,,,hst,wst,est,bst,cst,ast,crst,tost,gst,chst,jn02a,tist,rst,rhst,sst,phst,Chair03st,h23st,List,gost,H024st,bast,bust,kyst,Linest,Carrist,foxst,Ra04st,past,wast,Palst,pandast,msst,starst,pigst,sheepst,pegst,rayst,H025st,chhust,lpst,wost,cobaye01st,tast,Djst,CTst,Pherest,Gest,Kist,Xzst,hqst,Wanst,Goost,woost,crost,Blst,H26st,Ferst,Swst,,1,
25,jn05,,,,hst,wst,est,bst,cst,ast,crst,tost,gst,chst,jn02a,tist,rst,rhst,sst,phst,Chair03st,h23st,List,gost,H024st,bast,bust,kyst,Linest,Carrist,foxst,Ra04st,past,wast,Palst,pandast,msst,starst,pigst,sheepst,pegst,rayst,H025st,chhust,lpst,wost,cobaye01st,tast,Djst,CTst,Pherest,Gest,Kist,Xzst,hqst,Wanst,Goost,woost,crost,Blst,H26st,Ferst,Swst,,1,
26,jf,,jf_g,,hst,wst,est,bst,cst,ast,crst,tost,gst,chst,jn02a,tist,rst,rhst,sst,phst,Chair03st,h23st,List,gost,H024st,bast,bust,kyst,Linest,Carrist,foxst,Ra04st,past,wast,Palst,pandast,msst,starst,pigst,sheepst,pegst,rayst,H025st,chhust,lpst,wost,cobaye01st,tast,Djst,CTst,Pherest,Gest,Kist,Xzst,hqst,Wanst,Goost,woost,crost,Blst,H26st,Ferst,Swst,,1,Đánh bay
27,jn02b,,,,hst,wst,est,bst,cst,ast,crst,tost,gst,chst,jn02b,tist,rst,rhst,sst,phst,Chair03st,h23st,List,gost,H024st,bast,bust,kyst,Linest,Carrist,foxst,Ra04st,past,wast,Palst,pandast,msst,starst,pigst,sheepst,pegst,rayst,H025st,chhust,lpst,wost,cobaye01st,tast,Djst,CTst,Pherest,Gest,Kist,Xzst,hqst,Wanst,Goost,woost,crost,Blst,H26st,Ferst,Swst,,1,
28,jn02a,,,,hst,wst,est,bst,cst,ast,crst,tost,gst,chst,jn02a,tist,rst,rhst,sst,phst,Chair03st,h23st,List,gost,H024st,bast,bust,kyst,Linest,Carrist,foxst,Ra04st,past,wast,Palst,pandast,msst,starst,pigst,sheepst,pegst,rayst,H025st,chhust,lpst,wost,cobaye01st,tast,Djst,CTst,Pherest,Gest,Kist,Xzst,hqst,Wanst,Goost,woost,crost,Blst,H26st,Ferst,Swst,,1,
29,qg01,,qg01_g,,hrun,wrun,erun,brun,crun,arun,crrun,torun,grun,chrun,jn02a,tirun,rrun,rhrun,srun,phrun,Chair03run,h23run,Lirun,gorun,H024run,barun,burun,kyrun,Linerun,Carrirun,foxrun,Ra04run,parun,warun,Palrun,pandarun,msrun,starrun,pigrun,sheeprun,pegrun,rayrun,H025run,chhurun,lprun,worun,cobaye01run,tarun,Djrun,CTrun,Phererun,Gerun,Kirun,Xzrun,hqrun,Wanrun,Goorun,woorun,crorun,Blrun,H26run,Ferrun,Swrun,,1,
30,qg02,,qg02_g,,hrun,wrun,erun,brun,crun,arun,crrun,torun,grun,chrun,jn02a,tirun,rrun,rhrun,srun,phrun,Chair03run,h23run,Lirun,gorun,H024run,barun,burun,kyrun,Linerun,Carrirun,foxrun,Ra04run,parun,warun,Palrun,pandarun,msrun,starrun,pigrun,sheeprun,pegrun,rayrun,H025run,chhurun,lprun,worun,cobaye01run,tarun,Djrun,CTrun,Phererun,Gerun,Kirun,Xzrun,hqrun,Wanrun,Goorun,woorun,crorun,Blrun,H26run,Ferrun,Swrun,,1,
31,jsrun,,jsrun_g,,hrun,wrun,erun,brun,crun,arun,crrun,torun,grun,chrun,jn02a,tirun,rrun,rhrun,srun,phrun,Chair03run,h23run,Lirun,gorun,H024run,barun,burun,kyrun,Linerun,Carrirun,foxrun,Ra04run,parun,warun,Palrun,pandarun,msrun,starrun,pigrun,sheeprun,pegrun,rayrun,H025run,chhurun,lprun,worun,cobaye01run,tarun,Djrun,CTrun,Phererun,Gerun,Kirun,Xzrun,hqrun,Wanrun,Goorun,woorun,crorun,Blrun,H26run,Ferrun,Swrun,,1,Tăng tốc chạy
32,qg03,,,,hrun,wrun,erun,brun,crun,arun,crrun,torun,grun,chrun,jn02a,tirun,rrun,rhrun,srun,phrun,Chair03run,h23run,Lirun,gorun,H024run,barun,burun,kyrun,Linerun,Carrirun,foxrun,Ra04run,parun,warun,Palrun,pandarun,msrun,starrun,pigrun,sheeprun,pegrun,rayrun,H025run,chhurun,lprun,worun,cobaye01run,tarun,Djrun,CTrun,Phererun,Gerun,Kirun,Xzrun,hqrun,Wanrun,Goorun,woorun,crorun,Blrun,H26run,Ferrun,Swrun,,1,
33,qg04,,,,hrun,wrun,erun,brun,crun,arun,crrun,torun,grun,chrun,jn02a,tirun,rrun,rhrun,srun,phrun,Chair03run,h23run,Lirun,gorun,H024run,barun,burun,kyrun,Linerun,Carrirun,foxrun,Ra04run,parun,warun,Palrun,pandarun,msrun,starrun,pigrun,sheeprun,pegrun,rayrun,H025run,chhurun,lprun,worun,cobaye01run,tarun,Djrun,CTrun,Phererun,Gerun,Kirun,Xzrun,hqrun,Wanrun,Goorun,woorun,crorun,Blrun,H26run,Ferrun,Swrun,,1,
34,qg05,,,,hrun,wrun,erun,brun,crun,arun,crrun,torun,grun,chrun,jn02a,tirun,rrun,rhrun,srun,phrun,Chair03run,h23run,Lirun,gorun,H024run,barun,burun,kyrun,Linerun,Carrirun,foxrun,Ra04run,parun,warun,Palrun,pandarun,msrun,starrun,pigrun,sheeprun,pegrun,rayrun,H025run,chhurun,lprun,worun,cobaye01run,tarun,Djrun,CTrun,Phererun,Gerun,Kirun,Xzrun,hqrun,Wanrun,Goorun,woorun,crorun,Blrun,H26run,Ferrun,Swrun,,1,
35,dz,,,,hst,wst,est,bst,cst,ast,crst,tost,gst,chst,jn02a,tist,rst,rhst,sst,phst,Chair03st,h23st,List,gost,H024st,bast,bust,kyst,Linest,Carrist,foxst,Ra04st,past,wast,Palst,pandast,msst,starst,pigst,sheepst,pegst,rayst,H025st,chhust,lpst,wost,cobaye01st,tast,Djst,CTst,Pherest,Gest,Kist,Xzst,hqst,Wanst,Goost,woost,crost,Blst,H26st,Ferst,Swst,1|2,1,Ngồi thiền
36,ts01,,,,hst,wst,est,bst,cst,ast,crst,tost,gst,chst,jn02a,tist,rst,rhst,sst,phst,Chair03st,h23st,List,gost,H024st,bast,bust,kyst,Linest,Carrist,foxst,Ra04st,past,wast,Palst,pandast,msst,starst,pigst,sheepst,pegst,rayst,H025st,chhust,lpst,wost,cobaye01st,tast,Djst,CTst,Pherest,Gest,Kist,Xzst,hqst,Wanst,Goost,woost,crost,Blst,H26st,Ferst,Swst,,1,Động tác đặc biệt 1
37,ts02,,,,hst,wst,est,bst,cst,ast,crst,tost,gst,chst,jn02a,tist,rst,rhst,sst,phst,Chair03st,h23st,List,gost,H024st,bast,bust,kyst,Linest,Carrist,foxst,Ra04st,past,wast,Palst,pandast,msst,starst,pigst,sheepst,pegst,rayst,H025st,chhust,lpst,wost,cobaye01st,tast,Djst,CTst,Pherest,Gest,Kist,Xzst,hqst,Wanst,Goost,woost,crost,Blst,H26st,Ferst,Swst,,1,Động tác đặc biệt 2
38,ts03,,,,hst,wst,est,bst,cst,ast,crst,tost,gst,chst,jn02a,tist,rst,rhst,sst,phst,Chair03st,h23st,List,gost,H024st,bast,bust,kyst,Linest,Carrist,foxst,Ra04st,past,wast,Palst,pandast,msst,starst,pigst,sheepst,pegst,rayst,H025st,chhust,lpst,wost,cobaye01st,tast,Djst,CTst,Pherest,Gest,Kist,Xzst,hqst,Wanst,Goost,woost,crost,Blst,H26st,Ferst,Swst,,1,Động tác đặc biệt 3
39,sit,,,,hst,wst,est,bst,cst,ast,crst,tost,gst,chst,jn02a,tist,rst,rhst,sst,phst,Chair03st,h23st,List,gost,H024st,bast,bust,kyst,Linest,Carrist,foxst,Ra04st,past,wast,Palst,pandast,msst,starst,pigst,sheepst,pegst,rayst,H025st,chhust,lpst,wost,cobaye01st,tast,Djst,CTst,Pherest,Gest,Kist,Xzst,hqst,Wanst,Goost,woost,crost,Blst,H26st,Ferst,Swst,1,1,Ngồi
40,jn01a,,,,hst,wst,est,bst,cst,ast,crst,tost,gst,chst,jn02a,tist,rst,rhst,sst,phst,Chair03st,h23st,List,gost,H024st,bast,bust,kyst,Linest,Carrist,foxst,Ra04st,past,wast,Palst,pandast,msst,starst,pigst,sheepst,pegst,rayst,H025st,chhust,lpst,wost,cobaye01st,tast,Djst,CTst,Pherest,Gest,Kist,Xzst,hqst,Wanst,Goost,woost,crost,Blst,H26st,Ferst,Swst,,1,
41,at01_g,,,,hst,wst,est,bst,cst,ast,crst,tost,gst,chst,jn02a,tist,rst,rhst,sst,phst,Chair03st,h23st,List,gost,H024st,bast,bust,kyst,Linest,Carrist,foxst,Ra04st,past,wast,Palst,pandast,msst,starst,pigst,sheepst,pegst,rayst,H025st,chhust,lpst,wost,cobaye01st,tast,Djst,CTst,Pherest,Gest,Kist,Xzst,hqst,Wanst,Goost,woost,crost,Blst,H26st,Ferst,Swst,,1,
42,at02_g,,,,hst,wst,est,bst,cst,ast,crst,tost,gst,chst,jn02a,tist,rst,rhst,sst,phst,Chair03st,h23st,List,gost,H024st,bast,bust,kyst,Linest,Carrist,foxst,Ra04st,past,wast,Palst,pandast,msst,starst,pigst,sheepst,pegst,rayst,H025st,chhust,lpst,wost,cobaye01st,tast,Djst,CTst,Pherest,Gest,Kist,Xzst,hqst,Wanst,Goost,woost,crost,Blst,H26st,Ferst,Swst,,1,
43,at03_g,,,,hst,wst,est,bst,cst,ast,crst,tost,gst,chst,jn02a,tist,rst,rhst,sst,phst,Chair03st,h23st,List,gost,H024st,bast,bust,kyst,Linest,Carrist,foxst,Ra04st,past,wast,Palst,pandast,msst,starst,pigst,sheepst,pegst,rayst,H025st,chhust,lpst,wost,cobaye01st,tast,Djst,CTst,Pherest,Gest,Kist,Xzst,hqst,Wanst,Goost,woost,crost,Blst,H26st,Ferst,Swst,,1,
44,at04_g,,,,hst,wst,est,bst,cst,ast,crst,tost,gst,chst,jn02a,tist,rst,rhst,sst,phst,Chair03st,h23st,List,gost,H024st,bast,bust,kyst,Linest,Carrist,foxst,Ra04st,past,wast,Palst,pandast,msst,starst,pigst,sheepst,pegst,rayst,H025st,chhust,lpst,wost,cobaye01st,tast,Djst,CTst,Pherest,Gest,Kist,Xzst,hqst,Wanst,Goost,woost,crost,Blst,H26st,Ferst,Swst,,1,
45,jn01_g,,,,hst,wst,est,bst,cst,ast,crst,tost,gst,chst,jn02a,tist,rst,rhst,sst,phst,Chair03st,h23st,List,gost,H024st,bast,bust,kyst,Linest,Carrist,foxst,Ra04st,past,wast,Palst,pandast,msst,starst,pigst,sheepst,pegst,rayst,H025st,chhust,lpst,wost,cobaye01st,tast,Djst,CTst,Pherest,Gest,Kist,Xzst,hqst,Wanst,Goost,woost,crost,Blst,H26st,Ferst,Swst,,1,
46,jn02_g,,,,hst,wst,est,bst,cst,ast,crst,tost,gst,chst,jn02a,tist,rst,rhst,sst,phst,Chair03st,h23st,List,gost,H024st,bast,bust,kyst,Linest,Carrist,foxst,Ra04st,past,wast,Palst,pandast,msst,starst,pigst,sheepst,pegst,rayst,H025st,chhust,lpst,wost,cobaye01st,tast,Djst,CTst,Pherest,Gest,Kist,Xzst,hqst,Wanst,Goost,woost,crost,Blst,H26st,Ferst,Swst,,1,
47,jn03_g,,,,hst,wst,est,bst,cst,ast,crst,tost,gst,chst,jn02a,tist,rst,rhst,sst,phst,Chair03st,h23st,List,gost,H024st,bast,bust,kyst,Linest,Carrist,foxst,Ra04st,past,wast,Palst,pandast,msst,starst,pigst,sheepst,pegst,rayst,H025st,chhust,lpst,wost,cobaye01st,tast,Djst,CTst,Pherest,Gest,Kist,Xzst,hqst,Wanst,Goost,woost,crost,Blst,H26st,Ferst,Swst,,1,
48,jn04_g,,,,hst,wst,est,bst,cst,ast,crst,tost,gst,chst,jn02a,tist,rst,rhst,sst,phst,Chair03st,h23st,List,gost,H024st,bast,bust,kyst,Linest,Carrist,foxst,Ra04st,past,wast,Palst,pandast,msst,starst,pigst,sheepst,pegst,rayst,H025st,chhust,lpst,wost,cobaye01st,tast,Djst,CTst,Pherest,Gest,Kist,Xzst,hqst,Wanst,Goost,woost,crost,Blst,H26st,Ferst,Swst,,1,
49,zc,,,,hrun,wrun,erun,brun,crun,arun,crrun,torun,grun,chrun,jn02a,tirun,rrun,rhrun,srun,phrun,Chair03run,h23run,Lirun,gorun,H024run,barun,burun,kyrun,Linerun,Carrirun,foxrun,Ra04run,parun,warun,Palrun,pandarun,msrun,starrun,pigrun,sheeprun,pegrun,rayrun,H025run,chhurun,lprun,worun,cobaye01run,tarun,Djrun,CTrun,Phererun,Gerun,Kirun,Xzrun,hqrun,Wanrun,Goorun,woorun,crorun,Blrun,H26run,Ferrun,Swrun,1,1,Ngoại trang khinh công_Giương cánh
50,hx,,,,hrun,wrun,erun,brun,crun,arun,crrun,torun,grun,chrun,jn02a,tirun,rrun,rhrun,srun,phrun,Chair03run,h23run,Lirun,gorun,H024run,barun,burun,kyrun,Linerun,Carrirun,foxrun,Ra04run,parun,warun,Palrun,pandarun,msrun,starrun,pigrun,sheeprun,pegrun,rayrun,H025run,chhurun,lprun,worun,cobaye01run,tarun,Djrun,CTrun,Phererun,Gerun,Kirun,Xzrun,hqrun,Wanrun,Goorun,woorun,crorun,Blrun,H26run,Ferrun,Swrun,1,1,Ngoại trang khinh công_Lướt
51,hyst01,hystpf01,,,hst,wst,est,bst,cst,ast,crst,tost,gst,chst,jn02a,tist,rst,rhst,sst,phst,Chair03st,h23st,List,gost,H024st,bast,bust,kyst,Linest,Carrist,foxst,Ra04st,past,wast,Palst,pandast,msst,starst,pigst,sheepst,pegst,rayst,H025st,chhust,lpst,wost,cobaye01st,tast,Djst,CTst,Pherest,Gest,Kist,Xzst,hqst,Wanst,Goost,woost,crost,Blst,H26st,Ferst,Swst,,1,Vị trí đặc biệt phi chiến đấu
52,open,,,,hst,wst,est,bst,cst,ast,crst,tost,gst,chst,jn02a,tist,rst,rhst,sst,phst,Chair03st,h23st,List,gost,H024st,bast,bust,kyst,Linest,Carrist,foxst,Ra04st,past,wast,Palst,pandast,msst,starst,pigst,sheepst,pegst,rayst,H025st,chhust,lpst,wost,cobaye01st,tast,Djst,CTst,Pherest,Gest,Kist,Xzst,hqst,Wanst,Goost,woost,crost,Blst,H26st,Ferst,Swst,,1,
53,up,,,,hst,wst,est,bst,cst,ast,crst,tost,gst,chst,jn02a,tist,rst,rhst,sst,phst,Chair03st,h23st,List,gost,H024st,bast,bust,kyst,Linest,Carrist,foxst,Ra04st,past,wast,Palst,pandast,msst,starst,pigst,sheepst,pegst,rayst,H025st,chhust,lpst,wost,cobaye01st,tast,Djst,CTst,Pherest,Gest,Kist,Xzst,hqst,Wanst,Goost,woost,crost,Blst,H26st,Ferst,Swst,,1,
54,down,,,,hst,wst,est,bst,cst,ast,crst,tost,gst,chst,jn02a,tist,rst,rhst,sst,phst,Chair03st,h23st,List,gost,H024st,bast,bust,kyst,Linest,Carrist,foxst,Ra04st,past,wast,Palst,pandast,msst,starst,pigst,sheepst,pegst,rayst,H025st,chhust,lpst,wost,cobaye01st,tast,Djst,CTst,Pherest,Gest,Kist,Xzst,hqst,Wanst,Goost,woost,crost,Blst,H26st,Ferst,Swst,,1,
55,jn06,,,,hst,wst,est,bst,cst,ast,crst,tost,gst,chst,jn02a,tist,rst,rhst,sst,phst,Chair03st,h23st,List,gost,H024st,bast,bust,kyst,Linest,Carrist,foxst,Ra04st,past,wast,Palst,pandast,msst,starst,pigst,sheepst,pegst,rayst,H025st,chhust,lpst,wost,cobaye01st,tast,Djst,CTst,Pherest,Gest,Kist,Xzst,hqst,Wanst,Goost,woost,crost,Blst,H26st,Ferst,Swst,,1,KN Đặc Biệt Giang Hồ-Tung Chiêu
