Index,TemplateID,Name,Kind,Camp,ClassName,ScriptParam,NpcResID,FaceID,ReviveFrame,NpcAttribID,NormalSkill1,NormalSkillLevel1,NormalSkill2,NormalSkillLevel2,NormalSkill3,NormalSkillLevel3,VisionRadius,ActiveRadius,AiFile,Treasure,DropFile,FightMode,RunSpeed,BloodStyle,AuraSkillId,AuraSkillLevel,TitleID,BigFaceID,DefaultDialog,DropType,ForbitMove,StartActEvent,Tag,NameColor,Experience,GouHuoRate,TransBossNpcTID,TransBossRate,WalkSpeed,IsNotShowShadow,FixExperience,SyncFirst,IsNotBYStealLife,Sex,NotBYStealLifeLevel
Field_Header_1_1,115,Hàn Ngọc Lộc Vương,0,1,BossLeader,,28,9009,10,602,153,1,82,1,195,1,,,Setting/Npc/Ai/fieldboss/20leader_luwang.ini,,,1,25,2,,,,,,,,,,,,,,,,,,1,,,
Field_Header_1_2,116,Đại Địa Lang Vương,0,1,BossLeader,,29,9010,10,602,146,1,82,1,195,1,,,Setting/Npc/Ai/fieldboss/20leader_langwang.ini,,,1,25,2,,,,,,,,,,,,,,,,,,1,,,
Field_Header_lv20_3,1455,Bạch Mi Hầu Vương,0,1,BossLeader,,35,9012,10,602,153,1,82,1,195,1,,,Setting/Npc/Ai/fieldboss/20leader_langwang.ini,,,1,25,2,,,,,,,,,,,,,,,,,,1,,,
Field_Header_1_3,117,Bôn Diệm Báo Vương,0,1,BossLeader,,30,9011,10,602,157,1,82,1,195,1,,,Setting/Npc/Ai/fieldboss/20leader_baowang.ini,,,1,25,2,,,,,,,,,,,,,,,,,,1,,,
Field_Header_1_4,118,Cửu Vĩ Hồ Vương,0,1,BossLeader,,26,9008,10,602,160,1,82,1,195,1,,,Setting/Npc/Ai/fieldboss/20leader_huwang.ini,,,1,25,2,,,,,,,,,,,,,,,,,,1,,,
Field_Header_1_40_3,1456,Song Thủ Dị Thú,0,1,BossLeader,,34,9013,10,602,160,1,82,1,195,1,,,Setting/Npc/Ai/fieldboss/20leader_huwang.ini,,,1,25,2,,,,,,,,,,,,,,,,,,1,,,
Field_Header_2_1,119,Định Hải Kim Cang,0,1,BossLeader,,40,9020,10,602,153,1,82,1,195,1,,,Setting/Npc/Ai/fieldboss/20leader_baowang.ini,,,1,25,2,,,,,,,,,,,,,,,,,,1,,,
Field_Header_2_2,120,Kim Sí Bằng Hoàng,0,1,BossLeader,,36,9021,10,602,160,1,82,1,195,1,,,Setting/Npc/Ai/fieldboss/20leader_huwang.ini,,,1,25,2,,,,,,,,,,,,,,,,,,1,,,
Field_Header_2_3,121,Ngân Giác Tê Hoàng,0,1,BossLeader,,38,9022,10,602,153,1,82,1,195,1,,,Setting/Npc/Ai/fieldboss/20leader_luwang.ini,,,1,25,2,,,,,,,,,,,,,,,,,,1,,,
Field_Header_lv80_1,1997,Xích Tinh Hổ Hoàng,0,1,BossLeader,,39,9024,10,602,3346,1,82,1,195,1,,,Setting/Npc/Ai/fieldboss/80leader_huhuang.ini,,,1,25,2,,,,,,,,,,,,,,,,,,1,,,
Field_Header_lv80_2,1998,Hám Thiên Hùng Hoàng,0,1,BossLeader,,37,9023,10,602,3353,1,82,1,195,1,,,Setting/Npc/Ai/fieldboss/80leader_xionghuang.ini,,,1,25,2,,,,,,,,,,,,,,,,,,1,,,
Field_Header_lv80_3,1999,Tử Bối Ngạc Hoàng,0,1,BossLeader,,41,9025,10,602,3356,1,82,1,195,1,,,Setting/Npc/Ai/fieldboss/80leader_ehuang.ini,,,1,25,2,,,,,,,,,,,,,,,,,,1,,,
Field_Header_lv100_1,2217,Băng Lân Tích Hoàng,0,1,BossLeader,,42,9026,10,602,3681,1,82,1,195,1,,,Setting/Npc/Ai/fieldboss/100leader_xihuang.ini,,,1,25,2,,,,,,,,,,,,,,,,,,1,,,
Field_Header_lv100_2,2218,Ngân Câu Hạt Hoàng,0,1,BossLeader,,43,9027,10,602,3687,1,82,1,195,1,,,Setting/Npc/Ai/fieldboss/100leader_xiehuang.ini,,,1,25,2,,,,,,,,,,,,,,,,,,1,,,
Field_Header_lv100_3,2219,Cuồng Tông Ngao Hoàng,0,1,BossLeader,,44,9028,10,602,3691,1,82,1,195,1,,,Setting/Npc/Ai/fieldboss/100leader_aohuang.ini,,,1,25,2,,,,,,,,,,,,,,,,,,1,,,
Field_Header_lv120_1,2805,Cự Ngao Phong Hậu,0,1,BossLeader,,45,9043,10,602,3687,1,82,1,195,1,,,Setting/Npc/Ai/fieldboss/100leader_xiehuang.ini,,,1,25,2,,,,,,,,,,,,,,,,,,1,,,
Field_Header_lv120_2,2806,Long Văn Sư Vương,0,1,BossLeader,,46,9042,10,602,3691,1,82,1,195,1,,,Setting/Npc/Ai/fieldboss/100leader_aohuang.ini,,,1,25,2,,,,,,,,,,,,,,,,,,1,,,
Field_Header_lv140_1,3318,Vạn Độc Cúc Hoàng,0,1,BossLeader,,714,9048,10,602,3687,1,82,1,195,1,,,Setting/Npc/Ai/fieldboss/100leader_xiehuang.ini,,,1,25,2,,,,,,,,,,,,,,,,,,1,,,
Field_Header_lv140_2,3319,Huyền Băng Điêu Hoàng,0,1,BossLeader,,713,9049,10,602,3691,1,82,1,195,1,,,Setting/Npc/Ai/fieldboss/100leader_xihuang.ini,,,1,25,2,,,,,,,,,,,,,,,,,,1,,,
Field_Header_lv160_1,3754,Bàn Thạch Ngưu Vương,0,1,BossLeader,,734,9050,10,602,153,1,82,1,195,1,,,Setting/Npc/Ai/fieldboss/20leader_langwang.ini,,,1,25,2,,,,,,,,,,,,,,,,,,1,,,
Field_Header_lv160_2,3755,Chích Viêm Ngưu Hậu,0,1,BossLeader,,733,9051,10,602,2957,1,82,1,195,1,,,Setting/Npc/Ai/fieldboss/20leader_baowang.ini,,,1,25,2,,,,,,,,,,,,,,,,,,1,,,
Field_Header_lv180_1,3822,Huyền Thủy Xà Vương,0,1,BossLeader,,744,9052,10,602,3681,1,82,1,195,1,,,Setting/Npc/Ai/fieldboss/100leader_xihuang.ini,,,1,25,2,,,,,,,,,,,,,,,,,,1,,,
Field_Header_lv180_2,3823,Nộ Diễm Chu Hoàng,0,1,BossLeader,,745,9053,10,602,3687,1,82,1,195,1,,,Setting/Npc/Ai/fieldboss/100leader_xiehuang.ini,,,1,25,2,,,,,,,,,,,,,,,,,,1,,,
Field_Header_lv200_1,3824,Bích Tinh Tượng Vương,0,1,BossLeader,,746,9054,10,602,2957,1,82,1,195,1,,,Setting/Npc/Ai/fieldboss/100leader_xiehuang.ini,,,1,25,2,,,,,,,,,,,,,,,,,,1,,,
Field_Header_lv220_1,4019,Dục Hỏa Phượng Hoàng,0,1,BossLeader,,769,9055,10,602,2957,1,82,1,195,1,,,Setting/Npc/Ai/fieldboss/100leader_xiehuang.ini,,,1,25,2,,,,,,,,,,,,,,,,,,1,,,
Field_Header_lv220_2,4020,Huyền Vũ,0,1,BossLeader,,770,9054,10,602,2957,1,82,1,195,1,,,Setting/Npc/Ai/fieldboss/100leader_xiehuang.ini,,,1,25,2,,,,,,,,,,,,,,,,,,1,,,
Field_Header_lv240_1,4372,Tốn Mộc Thanh Long,0,1,BossLeader,,775,9092,10,602,2957,1,82,1,195,1,,,Setting/Npc/Ai/fieldboss/100leader_xiehuang.ini,,,1,25,2,,,,,,,,,,,,,,,,,,1,,,
Field_Header_lv240_2,4478,Hồng Hoang Quỳ Ngưu,0,1,BossLeader,,780,9074,10,602,2957,1,82,1,195,1,,,Setting/Npc/Ai/fieldboss/100leader_xiehuang.ini,,,1,25,2,,,,,,,,,,,,,,,,,,1,,,
Field_Header_lv240_3,4637,Hồ Yêu,0,1,BossLeader,,789,9048,10,602,3687,1,82,1,195,1,,,Setting/Npc/Ai/fieldboss/100leader_xiehuang.ini,,,1,25,2,,,,,,,,,,,,,,,,,,1,,,
Field_Header_lv260_1,4896,Hắc Diệu Giác Long,0,1,BossLeader,,792,9101,10,602,2957,1,82,1,195,1,,,Setting/Npc/Ai/fieldboss/100leader_xiehuang.ini,,,1,25,2,,,,,,,,,,,,,,,,,,1,,,
Field_Boss_1_1,123,Cao Trường Cung,0,1,BossLeader,,473,9001,10,701,1335,1,91,1,1065,2,,,Setting/Npc/Ai/fieldboss/30boss_gaochanggong.ini,,,1,25,2,,,,,,,,,,,,,,,,,,1,,,
Field_Boss_1_1_false,1480,Cao Trường Cung,0,1,BossLeader,,473,9001,10,701,1335,1,91,1,1065,2,,,Setting/Npc/Ai/fieldboss/30boss_gaochanggong.ini,,,1,25,2,,,,,,,,,,,,,,,,,,1,,,
Field_Boss_1_2,124,Triết Biệt,0,1,BossLeader,,15,9002,10,701,129,1,91,1,1065,2,,,Setting/Npc/Ai/fieldboss/20boss_zhebie.ini,,,1,25,2,,,Danh Tướng,,,,,,,,,,,,,,,1,,,
Field_Boss_1_2_false,1481,Triết Biệt,0,1,BossLeader,,15,9002,10,701,129,1,91,1,1065,2,,,Setting/Npc/Ai/fieldboss/20boss_zhebie.ini,,,1,25,2,,,Danh Tướng,,,,,,,,,,,,,,,1,,,
Field_Boss_1_3,125,Viên Thừa Chí,0,1,BossLeader,,19,9003,10,701,117,1,91,1,1065,2,,,Setting/Npc/Ai/fieldboss/20boss_yuanchengzhi.ini,,,1,25,2,,,,,,,,,,,,,,,,,,1,,,
Field_Boss_1_3_false,1482,Viên Thừa Chí,0,1,BossLeader,,19,9003,10,701,117,1,91,1,1065,2,,,Setting/Npc/Ai/fieldboss/20boss_yuanchengzhi.ini,,,1,25,2,,,,,,,,,,,,,,,,,,1,,,
Field_Boss_1_4,126,Ngao Bái,0,1,BossLeader,,25,9004,10,701,110,1,91,1,1065,2,,,Setting/Npc/Ai/fieldboss/20boss_aobai.ini,,,1,25,2,,,,,,,,,,,,,,,,,,1,,,
Field_Boss_1_4_false,1483,Ngao Bái,0,1,BossLeader,,25,9004,10,701,110,1,91,1,1065,2,,,Setting/Npc/Ai/fieldboss/20boss_aobai.ini,,,1,25,2,,,,,,,,,,,,,,,,,,1,,,
Field_Boss_1_5,1478,Hàn Thế Trung,0,1,BossLeader,,471,9006,10,701,110,1,91,1,1065,2,,,Setting/Npc/Ai/fieldboss/20boss_aobai.ini,,,1,25,2,,,,,,,,,,,,,,,,,,1,,,
Field_Boss_1_5_false,1484,Hàn Thế Trung,0,1,BossLeader,,471,9006,10,701,110,1,91,1,1065,2,,,Setting/Npc/Ai/fieldboss/20boss_aobai.ini,,,1,25,2,,,,,,,,,,,,,,,,,,1,,,
Field_Boss_1_6,1479,Tần Lương Ngọc,0,1,BossLeader,,472,9007,10,701,110,1,91,1,1065,2,,,Setting/Npc/Ai/fuben/Boss6.ini,,,1,25,2,,,,,,,,,,,,,,,,,,1,,,
Field_Boss_1_6_false,1485,Tần Lương Ngọc,0,1,BossLeader,,472,9007,10,701,110,1,91,1,1065,2,,,Setting/Npc/Ai/fuben/Boss6.ini,,,1,25,2,,,,,,,,,,,,,,,,,,1,,,
Field_Boss_2_1,127,Kinh Kha,0,1,BossLeader,,492,9014,10,702,2957,1,91,1,1065,2,,,Setting/Npc/Ai/fieldboss/60boss_jingke.ini,,,1,25,2,,,,,,,,,,,,,,,,,,1,,,
Field_Boss_2_1_false,1707,Kinh Kha,0,1,BossLeader,,492,9014,10,702,2957,1,91,1,1065,2,,,Setting/Npc/Ai/fieldboss/60boss_jingke.ini,,,1,25,2,,,,,,,,,,,,,,,,,,1,,,
Field_Boss_2_2,128,Ngu Cơ,0,1,BossLeader,,493,9015,10,702,2965,1,91,1,1065,2,,,Setting/Npc/Ai/fieldboss/60boss_yuji.ini,,,1,25,2,,,,,,,,,,,,,,,,,,1,,,
Field_Boss_2_2_false,1708,Ngu Cơ,0,1,BossLeader,,493,9015,10,702,2965,1,91,1,1065,2,,,Setting/Npc/Ai/fieldboss/60boss_yuji.ini,,,1,25,2,,,,,,,,,,,,,,,,,,1,,,
Field_Boss_2_2_kuafu,2497,Ngu Cơ,0,1,BossLeaderCallNpc,,493,9015,10,704,2965,1,91,1,1065,2,,,Setting/Npc/Ai/fieldboss/110boss_kuafuyuji.ini,,,1,25,2,,,,,,,,,,,,,,,,,,1,,,
Field_Boss_2_2_kuafuF,2500,Ngu Cơ,0,1,BossLeaderCallNpc,,493,9015,10,704,2965,1,91,1,1065,2,,,Setting/Npc/Ai/fieldboss/110boss_kuafuyuji.ini,,,1,25,2,,,,,,,,,,,,,,,,,,1,,,
Field_Boss_2_3,129,Nhạc Phi,0,1,BossLeader,,494,9016,10,702,2973,1,91,1,1065,2,,,Setting/Npc/Ai/fieldboss/60boss_yuefei.ini,,,1,25,2,,,,,,,,,,,,,,,,,,1,,,
Field_Boss_2_3_false,1709,Nhạc Phi,0,1,BossLeader,,494,9016,10,702,2973,1,91,1,1065,2,,,Setting/Npc/Ai/fieldboss/60boss_yuefei.ini,,,1,25,2,,,,,,,,,,,,,,,,,,1,,,
Field_Boss_2_4,130,Lý Quảng,0,1,BossLeader,,495,9017,10,703,3317,1,91,1,1065,2,1000,1000,Setting/Npc/Ai/fieldboss/80boss_liguang.ini,,,1,25,2,,,,,,,,,,,,,,,,,,1,,,
Field_Boss_2_4_false,1710,Lý Quảng,0,1,BossLeader,,495,9017,10,703,3317,1,91,1,1065,2,1000,1000,Setting/Npc/Ai/fieldboss/80boss_liguang.ini,,,1,25,2,,,,,,,,,,,,,,,,,,1,,,
Field_Boss_2_5,1705,Triệu Vân,0,1,BossLeader,,496,9018,10,703,3307,1,91,1,1065,2,1000,1000,Setting/Npc/Ai/fieldboss/80boss_zhaoyun.ini,,,1,25,2,,,,,,,,,,,,,,,,,,1,,,
Field_Boss_2_5_false,1711,Triệu Vân,0,1,BossLeader,,496,9018,10,703,3307,1,91,1,1065,2,1000,1000,Setting/Npc/Ai/fieldboss/80boss_zhaoyun.ini,,,1,25,2,,,,,,,,,,,,,,,,,,1,,,
Field_Boss_2_6,1706,Lý Nguyên Bá,0,1,BossLeader,,497,9019,10,703,3301,1,91,1,1065,2,1000,1000,Setting/Npc/Ai/fieldboss/80boss_liyuanba.ini,,,1,25,2,,,,,,,,,,,,,,,,,,1,,,
Field_Boss_2_6_false,1712,Lý Nguyên Bá,0,1,BossLeader,,497,9019,10,703,3301,1,91,1,1065,2,1000,1000,Setting/Npc/Ai/fieldboss/80boss_liyuanba.ini,,,1,25,2,,,,,,,,,,,,,,,,,,1,,,
Field_Boss_3_1,2235,Hạng Vũ,0,1,BossLeader,,1173,9029,10,703,3671,1,91,1,1065,2,1000,1000,Setting/Npc/Ai/fieldboss/110boss_xiangyu.ini,,,1,25,2,,,,,,,,,,,,,,,,,,1,,,
Field_Boss_3_1_false,2236,Hạng Vũ,0,1,BossLeader,,1173,9029,10,703,3671,1,91,1,1065,2,1000,1000,Setting/Npc/Ai/fieldboss/110boss_xiangyu.ini,,,1,25,2,,,,,,,,,,,,,,,,,,1,,,
Field_Boss_3_1_kuafu,2498,Hạng Vũ,0,1,BossLeader,,1173,9029,10,703,3671,1,91,1,1065,2,1000,1000,Setting/Npc/Ai/fieldboss/110boss_kuafuxiangyu.ini,,,1,25,2,,,,,,,,,,,,,,,,,,1,,,
Field_Boss_3_1_kuafuF,2499,Hạng Vũ,0,1,BossLeader,,1173,9029,10,703,3671,1,91,1,1065,2,1000,1000,Setting/Npc/Ai/fieldboss/110boss_kuafuxiangyu.ini,,,1,25,2,,,,,,,,,,,,,,,,,,1,,,
Field_Boss_3_2,2237,Trương Tam Phong,0,1,BossLeader,,1172,9018,10,703,2801,1,91,1,1065,2,1000,1000,Setting/Npc/Ai/fieldboss/100boss_zhangsanfeng.ini,,,1,25,2,,,,,,,,,,,,,,,,,,1,,,
Field_Boss_3_2_false,2238,Trương Tam Phong,0,1,BossLeader,,1172,9018,10,703,2801,1,91,1,1065,2,1000,1000,Setting/Npc/Ai/fieldboss/100boss_zhangsanfeng.ini,,,1,25,2,,,,,,,,,,,,,,,,,,1,,,
Field_Boss_3_3,2239,Quỷ Cốc Tử,0,1,BossLeader,,1171,9019,10,703,3001,1,91,1,1065,2,1000,1000,Setting/Npc/Ai/fieldboss/100boss_guiguzi.ini,,,1,25,2,,,,,,,,,,,,,,,,,,1,,,
Field_Boss_3_3_false,2240,Quỷ Cốc Tử,0,1,BossLeader,,1171,9019,10,703,3001,1,91,1,1065,2,1000,1000,Setting/Npc/Ai/fieldboss/100boss_guiguzi.ini,,,1,25,2,,,,,,,,,,,,,,,,,,1,,,
Field_Boss_4_1,2377,Võ Tắc Thiên,0,1,BossLeader,,1205,9019,10,703,3001,1,91,1,1065,2,1000,1000,Setting/Npc/Ai/fieldboss/100boss_guiguzi.ini,,,1,25,2,,,,,,,,,,,,,,,,,,1,,,
Field_Boss_4_1_false,2378,Võ Tắc Thiên,0,1,BossLeader,,1205,9019,10,703,3001,1,91,1,1065,2,1000,1000,Setting/Npc/Ai/fieldboss/100boss_guiguzi.ini,,,1,25,2,,,,,,,,,,,,,,,,,,1,,,
Damo_Boss_1,3813,Đạt Ma,0,1,DaMoCaveNpc,Boss,3762,9019,10,1122,3001,1,91,1,1065,1,500,500,Setting/Npc/Ai/damodong/damo.ini,,,1,25,2,,,,,,,,,,6,,,,,,,,1,,,
Damo_Boss_2,3814,Hộ Động Vệ Sĩ,0,1,DaMoCaveNpc,Boss,3761,9019,10,659,3001,1,91,1,1065,1,500,500,Setting/Npc/Ai/fieldboss/100boss_guiguzi.ini,,,1,25,2,,,,,,,,,,4,,,,,,,,1,,,
Damo_Boss_3,3815,Đạt Ma,0,1,DaMoCaveNpc,Boss,3762,9019,10,1122,3001,1,91,1,1065,1,500,500,Setting/Npc/Ai/damodong/damo.ini,,,1,25,2,,,,,,,,,,6,,,,,,,,1,,,
Damo_Boss_3_zhaohuan,3829,Đạt Ma Phân Thân,0,1,DaMoCaveNpc,AttachNpc,3762,9019,10,703,3001,1,91,1,1065,1,500,500,Setting/Npc/Ai/fieldboss/100boss_guiguzi.ini,,,1,25,2,,,,,,,,,,5,,,,,,,,1,,,
Damo_chuansong_1,3816,Truyền Tống Sứ Giả,0,1,DaMoCaveNpc,TransferNpc,3763,9019,10,654,3001,1,91,1,1065,2,500,500,Setting/Npc/Ai/fieldboss/100boss_guiguzi.ini,,,1,25,2,,,,,,,,,,3,,,,,,,,1,,,
Damo_chuansong_2,3817,Truyền Tống Sứ Giả,0,1,DaMoCaveNpc,TransferNpc,3764,9019,10,654,3001,1,91,1,1065,2,500,500,Setting/Npc/Ai/fieldboss/100boss_guiguzi.ini,,,1,25,2,,,,,,,,,,3,,,,,,,,1,,,
Damo_huwei,3818,Đạt Ma Hộ Vệ,0,1,DaMoCaveNpc,Boss,3765,9019,10,659,3001,1,91,1,1065,2,500,500,Setting/Npc/Ai/fieldboss/100boss_guiguzi.ini,,,1,25,2,,,,,,,,,,4,,,,,,,,1,,,
Damo_huwei_2,3819,Đạt Ma Thủ Vệ,0,1,DaMoCaveNpc,Boss,3766,9019,10,659,3001,1,91,1,1065,2,500,500,Setting/Npc/Ai/fieldboss/100boss_guiguzi.ini,,,1,25,2,,,,,,,,,,5,,,,,,,,1,,,
Damo_fuhuo_2,3828,Cờ Hồi Sinh,0,1,DaMoCaveNpc,ReviveFlag,505,200,10,654,,,91,1,105,1,1000,1000,Setting/Npc/Ai/Stay.ini,,,1,25,2,,,,,,,1,,NOTurn,6,,,,,,,,1,,,
Xiangfan_dajiang,4038,Song Hùng Đối Quyết,0,0,AoZhanXiangFanNpc,,3956,9019,10,659,3001,1,91,1,1065,2,,,Setting/Npc/Ai/fieldboss/120boss_guanyu.ini,,,1,25,3,,,,,,,,,,,,,,,,,,1,,,
Xiangfan_dajiang_2,4039,Lữ Mông,0,1,AoZhanXiangFanNpc,,3957,9019,10,659,3307,1,91,1,1065,2,500,500,Setting/Npc/Ai/fieldboss/80boss_zhaoyun.ini,,,1,25,2,,,,,,,,,,,,,,,,,,1,,,
Xiangfan_xianfeng,4040,Tiên Phong,0,1,AoZhanXiangFanNpc,,3959,9019,10,659,3001,1,91,1,1065,2,,,Setting/Npc/Ai/fieldboss/120boss_guanyu.ini,,,1,12,2,,,,,,,,,,,,,,,,,,1,,,
Dungeon_Header_1_1,193,Hàn Ngọc Lộc Vương,0,1,BossLeaderDung,,28,9009,10,601,153,1,91,1,195,1,,,Setting/Npc/Ai/fieldboss/20leader_luwang.ini,,,1,25,2,,,,,,,,,,,,,,,,,,,,,
Dungeon_Header_1_2,194,Đại Địa Lang Vương,0,1,BossLeaderDung,,29,9010,10,601,146,1,91,1,195,1,,,Setting/Npc/Ai/fieldboss/20leader_langwang.ini,,,1,25,2,,,,,,,,,,,,,,,,,,,,,
Dungeon_Header_1_3,195,Bạch Mi Hầu Vương,0,1,BossLeaderDung,,35,9012,10,601,153,1,91,1,195,1,,,Setting/Npc/Ai/fieldboss/20leader_langwang.ini,,,1,25,2,,,,,,,,,,,,,,,,,,,,,
Dungeon_Header_2_1,197,Bôn Diệm Báo Vương,0,1,BossLeaderDung,,30,9011,10,601,157,1,91,1,195,1,,,Setting/Npc/Ai/fieldboss/20leader_baowang.ini,,,1,25,2,,,,,,,,,,,,,,,,,,,,,
Dungeon_Header_2_2,198,Cửu Vĩ Hồ Vương,0,1,BossLeaderDung,,26,9008,10,601,160,1,91,1,195,1,,,Setting/Npc/Ai/fieldboss/20leader_huwang.ini,,,1,25,2,,,,,,,,,,,,,,,,,,,,,
Dungeon_Header_2_3,199,Song Thủ Dị Thú,0,1,BossLeaderDung,,34,9013,10,601,160,1,91,1,195,1,,,Setting/Npc/Ai/fieldboss/20leader_huwang.ini,,,1,25,2,,,,,,,,,,,,,,,,,,,,,
Dungeon_Header_3_1,1768,Định Hải Kim Cang,0,1,BossLeaderDung,,40,9020,10,601,153,1,91,1,195,1,,,Setting/Npc/Ai/fieldboss/20leader_baowang.ini,,,1,25,2,,,,,,,,,,,,,,,,,,,,,
Dungeon_Header_3_2,1769,Kim Sí Bằng Hoàng,0,1,BossLeaderDung,,36,9021,10,601,160,1,91,1,195,1,,,Setting/Npc/Ai/fieldboss/20leader_huwang.ini,,,1,25,2,,,,,,,,,,,,,,,,,,,,,
Dungeon_Header_3_3,1770,Ngân Giác Tê Hoàng,0,1,BossLeaderDung,,38,9022,10,601,153,1,91,1,195,1,,,Setting/Npc/Ai/fieldboss/20leader_luwang.ini,,,1,25,2,,,,,,,,,,,,,,,,,,,,,
Dungeon_Header_4_1,2186,Xích Tinh Hổ Hoàng,0,1,BossLeaderDung,,39,9024,10,601,3346,1,91,1,195,1,,,Setting/Npc/Ai/fieldboss/80leader_huhuang.ini,,,1,25,2,,,,,,,,,,,,,,,,,,1,,,
Dungeon_Header_4_2,2187,Hám Thiên Hùng Hoàng,0,1,BossLeaderDung,,37,9023,10,601,3353,1,91,1,195,1,,,Setting/Npc/Ai/fieldboss/80leader_xionghuang.ini,,,1,25,2,,,,,,,,,,,,,,,,,,1,,,
Dungeon_Header_4_3,2188,Tử Bối Ngạc Hoàng,0,1,BossLeaderDung,,41,9025,10,601,3356,1,91,1,195,1,,,Setting/Npc/Ai/fieldboss/80leader_ehuang.ini,,,1,25,2,,,,,,,,,,,,,,,,,,1,,,
Dungeon_Header_5_1,2445,Băng Lân Tích Hoàng,0,1,BossLeaderDung,,42,9026,10,602,3681,1,91,1,195,1,,,Setting/Npc/Ai/fieldboss/100leader_xihuang.ini,,,1,25,2,,,,,,,,,,,,,,,,,,1,,,
Dungeon_Header_5_2,2446,Ngân Câu Hạt Hoàng,0,1,BossLeaderDung,,43,9027,10,602,3687,1,91,1,195,1,,,Setting/Npc/Ai/fieldboss/100leader_xiehuang.ini,,,1,25,2,,,,,,,,,,,,,,,,,,1,,,
Dungeon_Header_5_3,2447,Cuồng Tông Ngao Hoàng,0,1,BossLeaderDung,,44,9028,10,602,3691,1,91,1,195,1,,,Setting/Npc/Ai/fieldboss/100leader_aohuang.ini,,,1,25,2,,,,,,,,,,,,,,,,,,1,,,
Dungeon_Header_6_1,4556,Long Văn Sư Vương,0,1,BossLeaderDung,,46,9042,10,602,3691,1,82,1,195,1,,,Setting/Npc/Ai/fieldboss/100leader_aohuang.ini,,,1,25,2,,,,,,,,,,,,,,,,,,1,,,
Dungeon_Header_6_2,4557,Cự Ngao Phong Hậu,0,1,BossLeaderDung,,45,9043,10,602,3687,1,82,1,195,1,,,Setting/Npc/Ai/fieldboss/100leader_xiehuang.ini,,,1,25,2,,,,,,,,,,,,,,,,,,1,,,
Dungeon_Header_7_1,4558,Vạn Độc Cúc Hoàng,0,1,BossLeaderDung,,714,9048,10,602,3687,1,82,1,195,1,,,Setting/Npc/Ai/fieldboss/100leader_xiehuang.ini,,,1,25,2,,,,,,,,,,,,,,,,,,1,,,
Dungeon_Header_7_2,4559,Huyền Băng Điêu Hoàng,0,1,BossLeaderDung,,713,9049,10,602,3691,1,82,1,195,1,,,Setting/Npc/Ai/fieldboss/100leader_xihuang.ini,,,1,25,2,,,,,,,,,,,,,,,,,,1,,,
CangbaoTu_Header_lv20_1,1602,Hàn Ngọc Lộc Vương,0,1,RandomBoss,,28,9009,10,602,153,1,91,1,195,1,,,Setting/Npc/Ai/fieldboss/20leader_luwang.ini,,,1,25,2,,,,,,,,,,,,,,,,,,,,,
CangbaoTu_Header_lv20_2,1603,Đại Địa Lang Vương,0,1,RandomBoss,,29,9010,10,602,146,1,91,1,195,1,,,Setting/Npc/Ai/fieldboss/20leader_langwang.ini,,,1,25,2,,,,,,,,,,,,,,,,,,,,,
CangbaoTu_Header_lv20_3,1604,Bạch Mi Hầu Vương,0,1,RandomBoss,,35,9012,10,602,153,1,91,1,195,1,,,Setting/Npc/Ai/fieldboss/20leader_langwang.ini,,,1,25,2,,,,,,,,,,,,,,,,,,,,,
CangbaoTu_Header_lv40_1,1605,Bôn Diệm Báo Vương,0,1,RandomBoss,,30,9011,10,602,157,1,91,1,195,1,,,Setting/Npc/Ai/fieldboss/20leader_baowang.ini,,,1,25,2,,,,,,,,,,,,,,,,,,,,,
CangbaoTu_Header_lv40_2,1606,Cửu Vĩ Hồ Vương,0,1,RandomBoss,,26,9008,10,602,160,1,91,1,195,1,,,Setting/Npc/Ai/fieldboss/20leader_huwang.ini,,,1,25,2,,,,,,,,,,,,,,,,,,,,,
CangbaoTu_Header_lv40_3,1607,Song Thủ Dị Thú,0,1,RandomBoss,,475,9012,10,602,160,1,91,1,195,1,,,Setting/Npc/Ai/fieldboss/20leader_huwang.ini,,,1,25,2,,,,,,,,,,,,,,,,,,,,,
CangbaoTu_Header_lv60_1,1765,Định Hải Kim Cang,0,1,RandomBoss,,40,9020,10,602,153,1,91,1,195,1,,,Setting/Npc/Ai/fieldboss/20leader_baowang.ini,,,1,25,2,,,,,,,,,,,,,,,,,,,,,
CangbaoTu_Header_lv60_2,1766,Kim Sí Bằng Hoàng,0,1,RandomBoss,,36,9021,10,602,160,1,91,1,195,1,,,Setting/Npc/Ai/fieldboss/20leader_huwang.ini,,,1,25,2,,,,,,,,,,,,,,,,,,,,,
CangbaoTu_Header_lv60_3,1767,Ngân Giác Tê Hoàng,0,1,RandomBoss,,38,9022,10,602,153,1,91,1,195,1,,,Setting/Npc/Ai/fieldboss/20leader_luwang.ini,,,1,25,2,,,,,,,,,,,,,,,,,,,,,
CangbaoTu_Header_lv80_1,2195,Xích Tinh Hổ Hoàng,0,1,RandomBoss,,39,9024,10,602,3346,1,91,1,195,1,,,Setting/Npc/Ai/fieldboss/80leader_huhuang.ini,,,1,25,2,,,,,,,,,,,,,,,,,,1,,,
CangbaoTu_Header_lv80_2,2196,Hám Thiên Hùng Hoàng,0,1,RandomBoss,,37,9023,10,602,3353,1,91,1,195,1,,,Setting/Npc/Ai/fieldboss/80leader_xionghuang.ini,,,1,25,2,,,,,,,,,,,,,,,,,,1,,,
CangbaoTu_Header_lv80_3,2197,Tử Bối Ngạc Hoàng,0,1,RandomBoss,,41,9025,10,602,3356,1,91,1,195,1,,,Setting/Npc/Ai/fieldboss/80leader_ehuang.ini,,,1,25,2,,,,,,,,,,,,,,,,,,1,,,
CangbaoTu_Header_lv100_1,2297,Băng Lân Tích Hoàng,0,1,RandomBoss,,42,9026,10,602,3681,1,91,1,195,1,,,Setting/Npc/Ai/fieldboss/100leader_xihuang.ini,,,1,25,2,,,,,,,,,,,,,,,,,,1,,,
CangbaoTu_Header_lv100_2,2298,Ngân Câu Hạt Hoàng,0,1,RandomBoss,,43,9027,10,602,3687,1,91,1,195,1,,,Setting/Npc/Ai/fieldboss/100leader_xiehuang.ini,,,1,25,2,,,,,,,,,,,,,,,,,,1,,,
CangbaoTu_Header_lv100_3,2299,Cuồng Tông Ngao Hoàng,0,1,RandomBoss,,44,9028,10,602,3691,1,91,1,195,1,,,Setting/Npc/Ai/fieldboss/100leader_aohuang.ini,,,1,25,2,,,,,,,,,,,,,,,,,,1,,,
CangbaoTu_lv120_1,6376,Long Văn Sư Vương,0,1,RandomBoss,,46,9042,10,602,3687,1,82,1,195,1,,,Setting/Npc/Ai/fieldboss/100leader_xiehuang.ini,,,1,25,2,,,,,,,,,,,,,,,,,,1,,,
CangbaoTu_lv120_2,6377,Cự Ngao Phong Hậu,0,1,RandomBoss,,45,9043,10,602,3691,1,82,1,195,1,,,Setting/Npc/Ai/fieldboss/100leader_aohuang.ini,,,1,25,2,,,,,,,,,,,,,,,,,,1,,,
CangbaoTu_lv140_1,6378,Vạn Độc Cúc Hoàng,0,1,RandomBoss,,714,9048,10,602,3687,1,82,1,195,1,,,Setting/Npc/Ai/fieldboss/100leader_xiehuang.ini,,,1,25,2,,,,,,,,,,,,,,,,,,1,,,
CangbaoTu_lv140_2,6379,Huyền Băng Điêu Hoàng,0,1,RandomBoss,,713,9049,10,602,3691,1,82,1,195,1,,,Setting/Npc/Ai/fieldboss/100leader_xihuang.ini,,,1,25,2,,,,,,,,,,,,,,,,,,1,,,
CangbaoTu_lv160_1,6380,Bàn Thạch Ngưu Vương,0,1,RandomBoss,,734,9050,10,602,153,1,82,1,195,1,,,Setting/Npc/Ai/fieldboss/20leader_langwang.ini,,,1,25,2,,,,,,,,,,,,,,,,,,1,,,
CangbaoTu_lv160_2,6381,Chích Viêm Ngưu Hậu,0,1,RandomBoss,,733,9051,10,602,2957,1,82,1,195,1,,,Setting/Npc/Ai/fieldboss/20leader_baowang.ini,,,1,25,2,,,,,,,,,,,,,,,,,,1,,,
CangbaoTu_lv180_1,6382,Huyền Thủy Xà Vương,0,1,RandomBoss,,744,9052,10,602,3681,1,82,1,195,1,,,Setting/Npc/Ai/fieldboss/100leader_xihuang.ini,,,1,25,2,,,,,,,,,,,,,,,,,,1,,,
CangbaoTu_lv180_2,6383,Nộ Diễm Chu Hoàng,0,1,RandomBoss,,745,9053,10,602,3687,1,82,1,195,1,,,Setting/Npc/Ai/fieldboss/100leader_xiehuang.ini,,,1,25,2,,,,,,,,,,,,,,,,,,1,,,
CangbaoTu_lv200,6384,Bích Tinh Tượng Vương,0,1,RandomBoss,,746,9054,10,602,2957,1,82,1,195,1,,,Setting/Npc/Ai/fieldboss/100leader_xiehuang.ini,,,1,25,2,,,,,,,,,,,,,,,,,,1,,,
CangbaoTu_lv220,6385,Dục Hỏa Phượng Hoàng,0,1,RandomBoss,,769,9055,10,602,2957,1,82,1,195,1,,,Setting/Npc/Ai/fieldboss/100leader_xiehuang.ini,,,1,25,2,,,,,,,,,,,,,,,,,,1,,,
CangbaoTu_lv240,6386,Hồng Hoang Quỳ Ngưu,0,1,RandomBoss,,780,9074,10,602,2957,1,82,1,195,1,,,Setting/Npc/Ai/fieldboss/100leader_xiehuang.ini,,,1,25,2,,,,,,,,,,,,,,,,,,1,,,
CangbaoTu_lv260,6387,Tốn Mộc Thanh Long,0,1,RandomBoss,,775,9092,10,602,2957,1,82,1,195,1,,,Setting/Npc/Ai/fieldboss/100leader_xiehuang.ini,,,1,25,2,,,,,,,,,,,,,,,,,,1,,,
CangbaoTu_lv280,6388,Hắc Diệu Giác Long,0,1,RandomBoss,,792,9101,10,602,2957,1,82,1,195,1,,,Setting/Npc/Ai/fieldboss/100leader_xiehuang.ini,,,1,25,2,,,,,,,,,,,,,,,,,,1,,,
FieldAfkZone_Header_1,4058,Cuồng Tông Ngao Hoàng,0,1,CrossLeaderNpc,,44,9028,10,602,3691,1,82,1,195,1,,,Setting/Npc/Ai/fieldboss/100leader_aohuang.ini,,,1,25,2,,,,,,,,,,,,,,,,,,1,,,
FieldAfkZone_Header_2,4059,Cự Ngao Phong Hậu,0,1,CrossLeaderNpc,,45,9043,10,602,3687,1,82,1,195,1,,,Setting/Npc/Ai/fieldboss/100leader_xiehuang.ini,,,1,25,2,,,,,,,,,,,,,,,,,,1,,,
FieldAfkZone_Header_3,4060,Long Văn Sư Vương,0,1,CrossLeaderNpc,,46,9042,10,602,3691,1,82,1,195,1,,,Setting/Npc/Ai/fieldboss/100leader_aohuang.ini,,,1,25,2,,,,,,,,,,,,,,,,,,1,,,
FieldAfkZone_Header_4,4061,Vạn Độc Cúc Hoàng,0,1,CrossLeaderNpc,,714,9048,10,602,3687,1,82,1,195,1,,,Setting/Npc/Ai/fieldboss/100leader_xiehuang.ini,,,1,25,2,,,,,,,,,,,,,,,,,,1,,,
FieldAfkZone_Header_5,4062,Huyền Băng Điêu Hoàng,0,1,CrossLeaderNpc,,713,9049,10,602,3691,1,82,1,195,1,,,Setting/Npc/Ai/fieldboss/100leader_xihuang.ini,,,1,25,2,,,,,,,,,,,,,,,,,,1,,,
FieldAfkZone_Header_6,4063,Bàn Thạch Ngưu Vương,0,1,CrossLeaderNpc,,734,9050,10,602,153,1,82,1,195,1,,,Setting/Npc/Ai/fieldboss/20leader_langwang.ini,,,1,25,2,,,,,,,,,,,,,,,,,,1,,,
FieldAfkZone_Header_7,4064,Chích Viêm Ngưu Hậu,0,1,CrossLeaderNpc,,733,9051,10,602,2957,1,82,1,195,1,,,Setting/Npc/Ai/fieldboss/20leader_baowang.ini,,,1,25,2,,,,,,,,,,,,,,,,,,1,,,
FieldAfkZone_Header_8,4065,Huyền Thủy Xà Vương,0,1,CrossLeaderNpc,,744,9052,10,602,3681,1,82,1,195,1,,,Setting/Npc/Ai/fieldboss/100leader_xihuang.ini,,,1,25,2,,,,,,,,,,,,,,,,,,1,,,
FieldAfkZone_Header_9,4066,Nộ Diễm Chu Hoàng,0,1,CrossLeaderNpc,,745,9053,10,602,3687,1,82,1,195,1,,,Setting/Npc/Ai/fieldboss/100leader_xiehuang.ini,,,1,25,2,,,,,,,,,,,,,,,,,,1,,,
FieldAfkZone_Header_10,4067,Bích Tinh Tượng Vương,0,1,CrossLeaderNpc,,746,9054,10,602,2957,1,82,1,195,1,,,Setting/Npc/Ai/fieldboss/100leader_xiehuang.ini,,,1,25,2,,,,,,,,,,,,,,,,,,1,,,
FieldAfkZone_Header_11,4283,Băng Lân Tích Hoàng,0,1,CrossLeaderNpc,,42,9026,10,602,3681,1,91,1,195,1,,,Setting/Npc/Ai/fieldboss/100leader_xihuang.ini,,,1,25,2,,,,,,,,,,,,,,,,,,1,,,
FieldAfkZone_Header_12,4284,Ngân Câu Hạt Hoàng,0,1,CrossLeaderNpc,,43,9027,10,602,3687,1,91,1,195,1,,,Setting/Npc/Ai/fieldboss/100leader_xiehuang.ini,,,1,25,2,,,,,,,,,,,,,,,,,,1,,,
FieldAfkZone_Header_13,4285,Dục Hỏa Phượng Hoàng,0,1,CrossLeaderNpc,,769,9055,10,602,2957,1,82,1,195,1,,,Setting/Npc/Ai/fieldboss/100leader_xiehuang.ini,,,1,25,2,,,,,,,,,,,,,,,,,,1,,,
FieldAfkZone_Header_14,4816,Hồng Hoang Quỳ Ngưu,0,1,CrossLeaderNpc,,780,9074,10,602,2957,1,82,1,195,1,,,Setting/Npc/Ai/fieldboss/100leader_xiehuang.ini,,,1,25,2,,,,,,,,,,,,,,,,,,1,,,
FieldAfkZone_Header_15,4985,Tốn Mộc Thanh Long,0,1,CrossLeaderNpc,,775,9092,10,602,2957,1,82,1,195,1,,,Setting/Npc/Ai/fieldboss/100leader_xiehuang.ini,,,1,25,2,,,,,,,,,,,,,,,,,,1,,,
FieldAfkZone_Header_16,5445,Hắc Diệu Giác Long,0,1,CrossLeaderNpc,,792,9101,10,602,2957,1,82,1,195,1,,,Setting/Npc/Ai/fieldboss/100leader_xiehuang.ini,,,1,25,2,,,,,,,,,,,,,,,,,,1,,,
SixCountyPurserNpc_kuang,4412,Thủ Hộ Mỏ Khoáng,0,1,SixCountyBossNpc,,777,9055,10,1156,21,1,82,1,195,1,,,Setting/Npc/Ai/fieldboss/100leader_xiehuang.ini,,,1,25,2,,,,,,,,,,,,,,,,,,1,,,
SixCountyPurserNpc_mu,4413,Thủ Hộ Rừng Xanh,0,1,SixCountyBossNpc,,778,9055,10,1156,21,1,82,1,195,1,,,Setting/Npc/Ai/fieldboss/100leader_xiehuang.ini,,,1,25,2,,,,,,,,,,,,,,,,,,1,,,
SixCountyPurserNpc_shi,4414,Thủ Hộ Mỏ Đá,0,1,SixCountyBossNpc,,779,9055,10,1156,21,1,82,1,195,1,,,Setting/Npc/Ai/fieldboss/100leader_xiehuang.ini,,,1,25,2,,,,,,,,,,,,,,,,,,1,,,
ChengJiSiHan_1,4592,Khiếp Tiết Quân,0,1,ChengJiSiHanNpc,,4084,9029,10,654,6570,1,91,1,1065,2,1000,1000,Setting/Npc/Ai/fieldboss/100boss_guiguzi.ini,,,1,25,2,,,,,,,,,,,,,,,,,,1,,,
ChengJiSiHan_2,4593,Na Nha A,0,1,ChengJiSiHanBoss,,4085,9029,10,659,6570,1,91,1,1065,2,1000,1000,Setting/Npc/Ai/fieldboss/100boss_guiguzi.ini,,,1,25,2,,,,,,,,,,,,,,,,,,1,,,
ChengJiSiHan_3,4594,Thành Cát Tư Hãn,0,1,ChengJiSiHanBoss,,4075,9076,10,1122,6570,1,91,1,1065,2,1000,1000,Setting/Npc/Ai/fieldboss/100boss_guiguzi.ini,,,1,25,2,,,,,,,,,,,,,,,,,,1,,,
ChengJiSiHan_3_false,4595,Thành Cát Tư Hãn,0,1,ChengJiSiHanBoss,,4075,9076,10,1122,6570,1,91,1,1065,2,1000,1000,Setting/Npc/Ai/fieldboss/100boss_guiguzi.ini,,,1,25,2,,,,,,,,,,,,,,,,,,1,,,
LJZBRandom_Boss,5303,Sơn Hà Yêu Thú,0,1,LJZBRandomBoss,,4658,9055,10,1203,21,1,82,1,195,1,,,Setting/Npc/Ai/fieldboss/100leader_xiehuang.ini,,,1,25,2,,,,,,,,,,,,,,,,,,1,,,
LJZBRandom_LongZhu,5304,Khí Vận Trụ,2,1,LJZBRandomBossLongZhu,,499,9096,10,1156,21,1,82,1,195,1,,,Setting/Npc/Ai/fieldboss/100leader_xiehuang.ini,,,0,25,3,,,,,,,1,,NoTurn,,,,,,,,,1,,,
DongTianBoss,6062,Động Thiên Cự Xà ,0,1,DongTianBossNpc,,4928,9052,10,1122,3681,1,82,1,195,1,,,Setting/Npc/Ai/fieldboss/100leader_xihuang.ini,,,1,25,2,,,,,,,,,,,,,,,,,,1,,,
CangbaoTuSuper_Header_lv20_1,6307,Hàn Ngọc Lộc Vương,0,1,RandomBoss,,28,9009,10,603,153,1,91,1,195,1,,,Setting/Npc/Ai/fieldboss/20leader_luwang.ini,,,1,25,2,,,,,,,,,,6,,,,,,,,1,,,
CangbaoTuSuper_Header_lv20_2,6308,Đại Địa Lang Vương,0,1,RandomBoss,,29,9010,10,603,146,1,91,1,195,1,,,Setting/Npc/Ai/fieldboss/20leader_langwang.ini,,,1,25,2,,,,,,,,,,6,,,,,,,,1,,,
CangbaoTuSuper_Header_lv20_3,6309,Bạch Mi Hầu Vương,0,1,RandomBoss,,35,9012,10,603,153,1,91,1,195,1,,,Setting/Npc/Ai/fieldboss/20leader_langwang.ini,,,1,25,2,,,,,,,,,,6,,,,,,,,1,,,
CangbaoTuSuper_Header_lv40_1,6310,Bôn Diệm Báo Vương,0,1,RandomBoss,,30,9011,10,603,157,1,91,1,195,1,,,Setting/Npc/Ai/fieldboss/20leader_baowang.ini,,,1,25,2,,,,,,,,,,6,,,,,,,,1,,,
CangbaoTuSuper_Header_lv40_2,6311,Cửu Vĩ Hồ Vương,0,1,RandomBoss,,26,9008,10,603,160,1,91,1,195,1,,,Setting/Npc/Ai/fieldboss/20leader_huwang.ini,,,1,25,2,,,,,,,,,,6,,,,,,,,1,,,
CangbaoTuSuper_Header_lv40_3,6312,Song Thủ Dị Thú,0,1,RandomBoss,,475,9012,10,603,160,1,91,1,195,1,,,Setting/Npc/Ai/fieldboss/20leader_huwang.ini,,,1,25,2,,,,,,,,,,6,,,,,,,,1,,,
CangbaoTuSuper_Header_lv60_1,6313,Định Hải Kim Cang,0,1,RandomBoss,,40,9020,10,603,153,1,91,1,195,1,,,Setting/Npc/Ai/fieldboss/20leader_baowang.ini,,,1,25,2,,,,,,,,,,6,,,,,,,,1,,,
CangbaoTuSuper_Header_lv60_2,6314,Kim Sí Bằng Hoàng,0,1,RandomBoss,,36,9021,10,603,160,1,91,1,195,1,,,Setting/Npc/Ai/fieldboss/20leader_huwang.ini,,,1,25,2,,,,,,,,,,6,,,,,,,,1,,,
CangbaoTuSuper_Header_lv60_3,6315,Ngân Giác Tê Hoàng,0,1,RandomBoss,,38,9022,10,603,153,1,91,1,195,1,,,Setting/Npc/Ai/fieldboss/20leader_luwang.ini,,,1,25,2,,,,,,,,,,6,,,,,,,,1,,,
CangbaoTuSuper_Header_lv80_1,6316,Xích Tinh Hổ Hoàng,0,1,RandomBoss,,39,9024,10,603,3346,1,91,1,195,1,,,Setting/Npc/Ai/fieldboss/80leader_huhuang.ini,,,1,25,2,,,,,,,,,,6,,,,,,,,1,,,
CangbaoTuSuper_Header_lv80_2,6317,Hám Thiên Hùng Hoàng,0,1,RandomBoss,,37,9023,10,603,3353,1,91,1,195,1,,,Setting/Npc/Ai/fieldboss/80leader_xionghuang.ini,,,1,25,2,,,,,,,,,,6,,,,,,,,1,,,
CangbaoTuSuper_Header_lv80_3,6318,Tử Bối Ngạc Hoàng,0,1,RandomBoss,,41,9025,10,603,3356,1,91,1,195,1,,,Setting/Npc/Ai/fieldboss/80leader_ehuang.ini,,,1,25,2,,,,,,,,,,6,,,,,,,,1,,,
CangbaoTuSuper_Header_lv100_1,6319,Băng Lân Tích Hoàng,0,1,RandomBoss,,42,9026,10,603,3681,1,91,1,195,1,,,Setting/Npc/Ai/fieldboss/100leader_xihuang.ini,,,1,25,2,,,,,,,,,,6,,,,,,,,1,,,
CangbaoTuSuper_Header_lv100_2,6320,Ngân Câu Hạt Hoàng,0,1,RandomBoss,,43,9027,10,603,3687,1,91,1,195,1,,,Setting/Npc/Ai/fieldboss/100leader_xiehuang.ini,,,1,25,2,,,,,,,,,,6,,,,,,,,1,,,
CangbaoTuSuper_Header_lv100_3,6321,Cuồng Tông Ngao Hoàng,0,1,RandomBoss,,44,9028,10,603,3691,1,91,1,195,1,,,Setting/Npc/Ai/fieldboss/100leader_aohuang.ini,,,1,25,2,,,,,,,,,,6,,,,,,,,1,,,
