Level,ExpUpGrade,BaseAwardExp,RunSpeed,AttackSpeed,FightPower,AttackSeriesResist
1,28000,1000,0,0,10,12
2,32000,1000,0,0,20,14
3,36000,1000,0,0,30,16
4,40000,1000,0,0,40,18
5,44000,1000,0,0,50,20
6,48000,1000,0,0,60,22
7,52000,1000,0,0,70,24
8,56000,1000,0,0,80,26
9,60000,1000,0,0,90,28
10,120000,2000,0,0,100,30
11,130000,2000,0,0,120,32
12,130000,2000,0,0,140,34
13,140000,2000,0,0,160,36
14,150000,2000,0,0,180,38
15,170000,2000,0,0,200,40
16,180000,2000,0,0,220,42
17,190000,2000,0,0,240,44
18,200000,2000,0,0,260,46
19,210000,2000,0,0,280,48
20,540000,3000,0,0,300,50
21,600000,3000,0,0,370,55
22,660000,3000,0,0,440,60
23,720000,3000,0,0,510,65
24,780000,3000,0,0,580,70
25,900000,3000,0,0,650,75
26,1020000,3000,0,0,720,80
27,1140000,3000,0,0,790,85
28,1260000,3000,0,0,860,90
29,1380000,3000,0,0,930,95
30,3000000,4000,0,0,1000,150
31,3400000,4000,0,0,1200,155
32,3800000,4000,0,0,1400,160
33,4200000,4000,0,0,1600,165
34,4600000,4000,0,0,1800,170
35,5000000,4000,0,0,2000,175
36,5400000,4000,0,0,2200,180
37,5800000,4000,0,0,2400,185
38,6200000,4000,0,0,2600,190
39,6600000,4000,0,0,2800,195
40,9000000,5000,0,0,3000,300
41,10500000,5000,0,0,3400,320
42,12000000,5000,0,0,3800,340
43,13500000,5000,0,0,4200,360
44,15000000,5000,0,0,4600,380
45,16500000,5000,0,0,5000,400
46,18000000,5000,0,0,5400,420
47,19500000,5000,0,0,5800,440
48,21000000,5000,0,0,6200,460
49,22500000,5000,0,0,6600,480
50,28080000,6000,0,0,7000,500
51,30480000,6000,0,0,7800,510
52,32880000,6000,0,0,8600,520
53,35280000,6000,0,0,9400,530
54,37680000,6000,0,0,10200,540
55,40080000,6000,0,0,11000,550
56,42480000,6000,0,0,11800,560
57,44880000,6000,0,0,12600,570
58,47280000,6000,0,0,13400,580
59,49680000,6000,0,0,14200,590
60,70000000,7000,0,0,15000,600
61,74200000,7000,0,0,17000,610
62,79800000,7000,0,0,19000,620
63,86100000,7000,0,0,21000,630
64,93100000,7000,0,0,23000,640
65,100800000,7000,0,0,25000,650
66,109200000,7000,0,0,27000,660
67,118300000,7000,0,0,29000,670
68,128100000,7000,0,0,31000,680
69,138600000,7000,0,0,33000,690
70,129600000,8000,0,0,35000,700
71,132800000,8000,0,0,38500,705
72,136000000,8000,0,0,42000,710
73,139200000,8000,0,0,45500,715
74,142400000,8000,0,0,49000,720
75,145600000,8000,0,0,52500,725
76,148800000,8000,0,0,56000,730
77,152000000,8000,0,0,59500,735
78,155200000,8000,0,0,63000,740
79,158400000,8000,0,0,66500,745
80,189000000,9000,0,0,70000,750
81,199800000,9000,0,0,76500,755
82,210600000,9000,0,0,83000,760
83,221400000,9000,0,0,89500,765
84,232200000,9000,0,0,96000,770
85,243000000,9000,0,0,102500,775
86,253800000,9000,0,0,109000,780
87,264600000,9000,0,0,115500,785
88,275400000,9000,0,0,122000,790
89,286200000,9000,0,0,128500,795
90,267000000,10000,0,0,135000,850
91,281000000,10000,0,0,150000,870
92,295000000,10000,0,0,165000,890
93,309000000,10000,0,0,180000,910
94,323000000,10000,0,0,195000,930
95,337000000,10000,0,0,210000,950
96,351000000,10000,0,0,225000,970
97,365000000,10000,0,0,240000,990
98,379000000,10000,0,0,255000,1010
99,393000000,10000,0,0,270000,1030
100,400000000,10000,0,0,285000,1100
101,410000000,10000,0,0,300000,1120
102,420000000,10000,0,0,315000,1140
103,430000000,10000,0,0,330000,1160
104,440000000,10000,0,0,345000,1180
105,450000000,10000,0,0,360000,1200
106,460000000,10000,0,0,375000,1220
107,470000000,10000,0,0,390000,1240
108,480000000,10000,0,0,405000,1260
109,490000000,10000,0,0,420000,1280
110,500000000,10000,0,0,435000,1400
111,510000000,10000,0,0,450000,1420
112,520000000,10000,0,0,465000,1440
113,530000000,10000,0,0,480000,1460
114,540000000,10000,0,0,495000,1480
115,550000000,10000,0,0,510000,1500
116,560000000,10000,0,0,525000,1520
117,570000000,10000,0,0,540000,1540
118,580000000,10000,0,0,555000,1560
119,590000000,10000,0,0,570000,1580
120,600000000,12000,0,0,585000,1600
121,610000000,12000,0,0,600000,1700
122,620000000,12000,0,0,615000,1720
123,630000000,12000,0,0,630000,1740
124,640000000,12000,0,0,645000,1760
125,650000000,12000,0,0,660000,1780
126,660000000,12000,0,0,675000,1800
127,670000000,12000,0,0,690000,1820
128,680000000,12000,0,0,705000,1840
129,690000000,12000,0,0,720000,1860
130,690000000,13000,0,0,735000,1880
131,691000000,13000,0,0,750000,1900
132,692000000,13000,0,0,765000,1920
133,693000000,13000,0,0,780000,1940
134,694000000,13000,0,0,795000,1960
135,695000000,13000,0,0,810000,1980
136,696000000,13000,0,0,825000,2000
137,697000000,13000,0,0,840000,2020
138,698000000,13000,0,0,855000,2040
139,699000000,13000,0,0,870000,2060
140,700000000,13000,0,0,885000,2080
141,701000000,13000,0,0,900000,2100
142,702000000,13000,0,0,915000,2120
143,703000000,13000,0,0,930000,2140
144,704000000,13000,0,0,945000,2160
145,705000000,13000,0,0,960000,2180
146,706000000,13000,0,0,975000,2200
147,707000000,13000,0,0,990000,2220
148,708000000,13000,0,0,1005000,2240
149,709000000,13000,0,0,1020000,2260
150,710000000,13000,0,0,1035000,2280
151,711000000,13000,0,0,1050000,2300
152,712000000,13000,0,0,1065000,2320
153,713000000,13000,0,0,1080000,2340
154,714000000,13000,0,0,1095000,2360
155,715000000,13000,0,0,1110000,2380
156,716000000,13000,0,0,1125000,2400
157,717000000,13000,0,0,1140000,2420
158,718000000,13000,0,0,1155000,2440
159,719000000,13000,0,0,1170000,2460
160,720000000,13000,0,0,1185000,2480
161,721000000,13000,0,0,1200000,2500
162,722000000,13000,0,0,1215000,2520
163,723000000,13000,0,0,1230000,2540
164,724000000,13000,0,0,1245000,2560
165,725000000,13000,0,0,1260000,2580
166,726000000,13000,0,0,1275000,2600
167,727000000,13000,0,0,1290000,2620
168,728000000,13000,0,0,1305000,2640
169,729000000,13000,0,0,1320000,2660
170,730000000,13000,0,0,1335000,2680
171,731000000,13000,0,0,1350000,2700
172,732000000,13000,0,0,1365000,2720
173,733000000,13000,0,0,1380000,2740
174,734000000,13000,0,0,1395000,2760
175,735000000,13000,0,0,1410000,2780
176,736000000,13000,0,0,1425000,2800
177,737000000,13000,0,0,1440000,2820
178,738000000,13000,0,0,1455000,2840
179,739000000,13000,0,0,1470000,2860
180,740000000,13000,0,0,1485000,2880
181,741000000,13000,0,0,1500000,2900
182,742000000,13000,0,0,1515000,2920
183,743000000,13000,0,0,1530000,2940
184,744000000,13000,0,0,1545000,2960
185,745000000,13000,0,0,1560000,2980
186,746000000,13000,0,0,1575000,3000
187,747000000,13000,0,0,1590000,3020
188,748000000,13000,0,0,1605000,3040
189,749000000,13000,0,0,1620000,3060
190,750000000,13000,0,0,1635000,3080
191,751000000,13000,0,0,1650000,3100
192,752000000,13000,0,0,1665000,3120
193,753000000,13000,0,0,1680000,3140
194,754000000,13000,0,0,1695000,3160
195,755000000,13000,0,0,1710000,3180
196,756000000,13000,0,0,1725000,3200
197,757000000,13000,0,0,1740000,3220
198,758000000,13000,0,0,1755000,3240
199,759000000,13000,0,0,1770000,3260
200,760000000,13000,0,0,1785000,3260
201,761000000,13000,0,0,1800000,3260
202,762000000,13000,0,0,1815000,3260
203,763000000,13000,0,0,1830000,3260
204,764000000,13000,0,0,1845000,3260
205,765000000,13000,0,0,1860000,3260
206,766000000,13000,0,0,1875000,3260
207,767000000,13000,0,0,1890000,3260
208,768000000,13000,0,0,1905000,3260
209,769000000,13000,0,0,1920000,3260
210,770000000,13000,0,0,1935000,3260
211,771000000,13000,0,0,1950000,3260
212,772000000,13000,0,0,1965000,3260
213,773000000,13000,0,0,1980000,3260
214,774000000,13000,0,0,1995000,3260
215,775000000,13000,0,0,2010000,3260
216,776000000,13000,0,0,2025000,3260
217,777000000,13000,0,0,2040000,3260
218,778000000,13000,0,0,2055000,3260
219,779000000,13000,0,0,2070000,3260
220,780000000,13000,0,0,2085000,3260
221,781000000,13000,0,0,2100000,3260
222,782000000,13000,0,0,2115000,3260
223,783000000,13000,0,0,2130000,3260
224,784000000,13000,0,0,2145000,3260
225,785000000,13000,0,0,2160000,3260
226,786000000,13000,0,0,2175000,3260
227,787000000,13000,0,0,2190000,3260
228,788000000,13000,0,0,2205000,3260
229,789000000,13000,0,0,2220000,3260
230,790000000,13000,0,0,2235000,3260
231,791000000,13000,0,0,2250000,3260
232,792000000,13000,0,0,2265000,3260
233,793000000,13000,0,0,2280000,3260
234,794000000,13000,0,0,2295000,3260
235,795000000,13000,0,0,2310000,3260
236,796000000,13000,0,0,2325000,3260
237,797000000,13000,0,0,2340000,3260
238,798000000,13000,0,0,2355000,3260
239,799000000,13000,0,0,2370000,3260
240,800000000,13000,0,0,2385000,3260
241,801000000,13000,0,0,2400000,3260
242,802000000,13000,0,0,2415000,3260
243,803000000,13000,0,0,2430000,3260
244,804000000,13000,0,0,2445000,3260
245,805000000,13000,0,0,2460000,3260
246,806000000,13000,0,0,2475000,3260
247,807000000,13000,0,0,2490000,3260
248,808000000,13000,0,0,2505000,3260
249,809000000,13000,0,0,2520000,3260
250,810000000,13000,0,0,2535000,3260
251,811000000,13000,0,0,2550000,3260
252,812000000,13000,0,0,2565000,3260
253,813000000,13000,0,0,2580000,3260
254,814000000,13000,0,0,2595000,3260
255,815000000,13000,0,0,2610000,3260
256,816000000,13000,0,0,2625000,3260
257,817000000,13000,0,0,2640000,3260
258,818000000,13000,0,0,2655000,3260
259,819000000,13000,0,0,2670000,3260
260,820000000,13000,0,0,2685000,3260
261,821000000,13000,0,0,2700000,3260
262,822000000,13000,0,0,2715000,3260
263,823000000,13000,0,0,2730000,3260
264,824000000,13000,0,0,2745000,3260
265,825000000,13000,0,0,2760000,3260
266,826000000,13000,0,0,2775000,3260
267,827000000,13000,0,0,2790000,3260
268,828000000,13000,0,0,2805000,3260
269,829000000,13000,0,0,2820000,3260
270,830000000,13000,0,0,2835000,3260
271,831000000,13000,0,0,2850000,3260
272,832000000,13000,0,0,2865000,3260
273,833000000,13000,0,0,2880000,3260
274,834000000,13000,0,0,2895000,3260
275,835000000,13000,0,0,2910000,3260
276,836000000,13000,0,0,2925000,3260
277,837000000,13000,0,0,2940000,3260
278,838000000,13000,0,0,2955000,3260
279,839000000,13000,0,0,2970000,3260
280,840000000,13000,0,0,2985000,3260
281,841000000,13000,0,0,3000000,3260
282,842000000,13000,0,0,3015000,3260
283,843000000,13000,0,0,3030000,3260
284,844000000,13000,0,0,3045000,3260
285,845000000,13000,0,0,3060000,3260
286,846000000,13000,0,0,3075000,3260
287,847000000,13000,0,0,3090000,3260
288,848000000,13000,0,0,3105000,3260
289,849000000,13000,0,0,3120000,3260
290,850000000,13000,0,0,3135000,3260
291,851000000,13000,0,0,3150000,3260
292,852000000,13000,0,0,3165000,3260
293,853000000,13000,0,0,3180000,3260
294,854000000,13000,0,0,3195000,3260
295,855000000,13000,0,0,3210000,3260
296,856000000,13000,0,0,3225000,3260
297,857000000,13000,0,0,3240000,3260
298,858000000,13000,0,0,3255000,3260
299,859000000,13000,0,0,3270000,3260
300,860000000,13000,0,0,3285000,3260
301,861000000,13000,0,0,3300000,3260
302,862000000,13000,0,0,3315000,3260
303,863000000,13000,0,0,3330000,3260
304,864000000,13000,0,0,3345000,3260
305,865000000,13000,0,0,3360000,3260
306,866000000,13000,0,0,3375000,3260
307,867000000,13000,0,0,3390000,3260
308,868000000,13000,0,0,3405000,3260
309,869000000,13000,0,0,3420000,3260
310,870000000,13000,0,0,3435000,3260
311,871000000,13000,0,0,3450000,3260
312,872000000,13000,0,0,3465000,3260
313,873000000,13000,0,0,3480000,3260
314,874000000,13000,0,0,3495000,3260
315,875000000,13000,0,0,3510000,3260
316,876000000,13000,0,0,3525000,3260
317,877000000,13000,0,0,3540000,3260
318,878000000,13000,0,0,3555000,3260
319,879000000,13000,0,0,3570000,3260
320,880000000,13000,0,0,3585000,3260
321,881000000,13000,0,0,3600000,3260
322,882000000,13000,0,0,3615000,3260
323,883000000,13000,0,0,3630000,3260
324,884000000,13000,0,0,3645000,3260
325,885000000,13000,0,0,3660000,3260
326,886000000,13000,0,0,3675000,3260
327,887000000,13000,0,0,3690000,3260
328,888000000,13000,0,0,3705000,3260
329,889000000,13000,0,0,3720000,3260
330,900000000,13000,0,0,3735000,3260
331,950000000,13000,0,0,3750000,3260
332,1000000000,13000,0,0,3765000,3260
333,1050000000,13000,0,0,3780000,3260
334,1100000000,13000,0,0,3795000,3260
335,1150000000,13000,0,0,3810000,3260
336,1200000000,13000,0,0,3825000,3260
337,1250000000,13000,0,0,3840000,3260
338,1300000000,13000,0,0,3855000,3260
339,1350000000,13000,0,0,3870000,3260
340,900000000,13000,0,0,3885000,3260
341,920000000,13000,0,0,3900000,3260
342,940000000,13000,0,0,3915000,3260
343,960000000,13000,0,0,3930000,3260
344,980000000,13000,0,0,3945000,3260
345,1000000000,13000,0,0,3960000,3260
346,1020000000,13000,0,0,3975000,3260
347,1040000000,13000,0,0,3990000,3260
348,1060000000,13000,0,0,4005000,3260
349,1080000000,13000,0,0,4020000,3260
350,900000000,13000,0,0,4035000,3260
351,920000000,13000,0,0,4050000,3260
352,940000000,13000,0,0,4065000,3260
353,960000000,13000,0,0,4080000,3260
354,980000000,13000,0,0,4095000,3260
355,1000000000,13000,0,0,4110000,3260
356,1020000000,13000,0,0,4125000,3260
357,1040000000,13000,0,0,4140000,3260
358,1060000000,13000,0,0,4155000,3260
359,1080000000,13000,0,0,4170000,3260
360,900000000,13000,0,0,4185000,3260
361,920000000,13000,0,0,4200000,3260
362,940000000,13000,0,0,4215000,3260
363,960000000,13000,0,0,4230000,3260
364,980000000,13000,0,0,4245000,3260
365,1000000000,13000,0,0,4260000,3260
366,1020000000,13000,0,0,4275000,3260
367,1040000000,13000,0,0,4290000,3260
368,1060000000,13000,0,0,4305000,3260
369,1080000000,13000,0,0,4320000,3260
370,900000000,13000,0,0,4335000,3260
371,920000000,13000,0,0,4350000,3260
372,940000000,13000,0,0,4365000,3260
373,960000000,13000,0,0,4380000,3260
374,980000000,13000,0,0,4395000,3260
375,1000000000,13000,0,0,4410000,3260
376,1020000000,13000,0,0,4425000,3260
377,1040000000,13000,0,0,4440000,3260
378,1060000000,13000,0,0,4455000,3260
379,1080000000,13000,0,0,4470000,3260
380,900000000,13000,0,0,4485000,3260
381,920000000,13000,0,0,4500000,3260
382,940000000,13000,0,0,4515000,3260
383,960000000,13000,0,0,4530000,3260
384,980000000,13000,0,0,4545000,3260
385,1000000000,13000,0,0,4560000,3260
386,1020000000,13000,0,0,4575000,3260
387,1040000000,13000,0,0,4590000,3260
388,1060000000,13000,0,0,4605000,3260
389,1080000000,13000,0,0,4620000,3260
