Faction,SkillId,Desc,GainLevel,IsBaseSkill,WeaponType,SwitchSkill,BtnName,IconAltlas,BtnIcon,SortInUI,IsAnger,LevelUpGroup,ShowParam
1,201,Thiên Vương Chùy Pháp,1,1,,,Attack,UI/Atlas/SkillIcon/TW_Skill.prefab,TianwangSkill_01,1,,1,
1,214,Nhật Nguyệt Sơn Hà Toái,1,,,,Skill5,UI/Atlas/SkillIcon/TW_Skill.prefab,Tianwang_nq01,,1,13,
1,206,Nhất Kích Sát Thần,1,,,,Skill2,UI/Atlas/SkillIcon/TW_Skill.prefab,TianwangSkill_02,2,,2,
1,1013,Ngồi thiền,9,,,,BtnDazuo,UI/Atlas/SkillIcon/SkillIcon.prefab,Skill_Meditation,,,,
1,1045,Khinh Công,3,,,,SkillDodge,UI/Atlas/SkillIcon/SkillIcon.prefab,Skill_Dodge,,,,
1,210,Huyết Chiến Bát Phương,4,,,,Skill1,UI/Atlas/SkillIcon/TW_Skill.prefab,TianwangSkill_04,3,,3,
1,213,Kim Chung Tráo,10,,,,Skill3,UI/Atlas/SkillIcon/TW_Skill.prefab,TianwangSkill_03,4,,4,
1,209,Thiên Vương Chiến Ý,20,,,,,UI/Atlas/SkillIcon/TW_Skill.prefab,Tianwang_bd01,5,,5,
1,208,Bá Vương Nộ Hống,30,,,,Skill4,UI/Atlas/SkillIcon/TW_Skill.prefab,TianwangSkill_05,6,,6,
1,224,Nhất Kỵ Đương Thiên,40,,,,,UI/Atlas/SkillIcon/TW_Skill.prefab,Tianwang_bd07,7,,7,
1,229,Tiến Cấp Chùy Pháp,50,,,,,UI/Atlas/SkillIcon/TW_Skill.prefab,Tianwang_bd05,8,,8,
1,240,Kinh Lôi Phá Thiên,60,,,,,UI/Atlas/SkillIcon/TW_Skill.prefab,Tianwang_bd08,9,,9,
1,218,Phá Phủ Trầm Châu,70,,,,,UI/Atlas/SkillIcon/TW_Skill.prefab,Tianwang_bd03,10,,10,
1,242,Thiên Vương Bản Sinh,80,,,,,UI/Atlas/SkillIcon/TW_Skill.prefab,Tianwang_bd04,11,,11,
1,246,Khí Cái Bát Hoang,90,,,,,UI/Atlas/SkillIcon/TW_Skill.prefab,Tianwang_bd09,12,,12,
2,301,Nga Mi Kiếm Pháp,1,1,,,Attack,UI/Atlas/SkillIcon/EM_Skill.prefab,EmeiSkill_01,1,,1,
2,346,Băng Phách Hồng Liên Kiếp,1,,,,Skill5,UI/Atlas/SkillIcon/EM_Skill.prefab,Emei_nq01,,1,13,
2,310,Giang Hải Ngưng Ba,1,,,,Skill2,UI/Atlas/SkillIcon/EM_Skill.prefab,EmeiSkill_04,2,,2,
2,1013,Ngồi thiền,9,,,,BtnDazuo,UI/Atlas/SkillIcon/SkillIcon.prefab,Skill_Meditation,,,,
2,1046,Khinh Công,3,,,,SkillDodge,UI/Atlas/SkillIcon/SkillIcon.prefab,Skill_Dodge,,,,
2,312,Thiên Vũ Bảo Luân,4,,,,Skill1,UI/Atlas/SkillIcon/EM_Skill.prefab,EmeiSkill_05,3,,3,
2,306,Từ Hàng Phổ Độ,10,,,,Skill3,UI/Atlas/SkillIcon/EM_Skill.prefab,EmeiSkill_02,4,,4,
2,309,Kiếm Tâm Thông Minh,20,,,,,UI/Atlas/SkillIcon/EM_Skill.prefab,Emei_bd01,5,,5,
2,308,Bạch Lộ Ngưng Sương,30,,,,Skill4,UI/Atlas/SkillIcon/EM_Skill.prefab,EmeiSkill_03,6,,6,
2,345,Băng Tâm Vân Thường,40,,,,,UI/Atlas/SkillIcon/EM_Skill.prefab,Emei_bd07,7,,7,
2,323,Tiến Cấp Kiếm Pháp,50,,,,,UI/Atlas/SkillIcon/EM_Skill.prefab,Emei_bd05,8,,8,
2,341,Phật Tâm Từ Hựu,60,,,,,UI/Atlas/SkillIcon/EM_Skill.prefab,Emei_bd02,9,,9,
2,317,Miên Lý Tàng Châm,70,,,,,UI/Atlas/SkillIcon/EM_Skill.prefab,Emei_bd06,10,,10,
2,343,Phật Pháp Vô Biên,80,,,,,UI/Atlas/SkillIcon/EM_Skill.prefab,Emei_bd03,11,,11,
2,357,Thanh Tâm Phổ Thiện,90,,,,,UI/Atlas/SkillIcon/EM_Skill.prefab,Emei_bd08,12,,12,
3,401,Đào Hoa Tiễn Thuật,1,1,,,Attack,UI/Atlas/SkillIcon/TH_Skill.prefab,TaohuaSkill_01,1,,1,
3,427,Lạc Hoa Phần Tinh Diệm,1,,,,Skill5,UI/Atlas/SkillIcon/TH_Skill.prefab,Taohua_nq01,,1,13,
3,407,Phi Hỏa Lưu Tinh,1,,,,Skill2,UI/Atlas/SkillIcon/TH_Skill.prefab,TaohuaSkill_03,2,,2,
3,1013,Ngồi thiền,9,,,,BtnDazuo,UI/Atlas/SkillIcon/SkillIcon.prefab,Skill_Meditation,,,,
3,1047,Khinh Công,3,,,,SkillDodge,UI/Atlas/SkillIcon/SkillIcon.prefab,Skill_Dodge,,,,
3,410,Cửu Diệu Liên Châu,4,,,,Skill1,UI/Atlas/SkillIcon/TH_Skill.prefab,TaohuaSkill_04,3,,3,
3,406,Hỏa Phượng Liêu Nguyên,10,,,,Skill3,UI/Atlas/SkillIcon/TH_Skill.prefab,TaohuaSkill_02,4,,4,
3,409,Lưu Phong Hồi Tuyết,20,,,,,UI/Atlas/SkillIcon/TH_Skill.prefab,Taohua_bd01,5,,5,
3,412,Xuyên Vân Phá Nguyệt,30,,,,Skill4,UI/Atlas/SkillIcon/TH_Skill.prefab,TaohuaSkill_05,6,,6,
3,443,Nghịch Chuyển Cửu Âm,40,,,,,UI/Atlas/SkillIcon/TH_Skill.prefab,Taohua_bd03,7,,7,
3,420,Bách Bộ Xuyên Dương,50,,,,,UI/Atlas/SkillIcon/TH_Skill.prefab,Taohua_bd05,8,,8,
3,441,Khinh Vân Tế Nguyệt,60,,,,,UI/Atlas/SkillIcon/TH_Skill.prefab,Taohua_bd04,9,,9,
3,425,Dục Hỏa Trùng Sinh,70,,,,,UI/Atlas/SkillIcon/TH_Skill.prefab,Taohua_bd07,10,,10,
3,442,Phượng Vũ Nghê Thường,80,,,,,UI/Atlas/SkillIcon/TH_Skill.prefab,Taohua_bd02,11,,11,
3,462,Nguyệt Lạc Tinh Trầm,90,,,,,UI/Atlas/SkillIcon/TH_Skill.prefab,Taohua_bd08,12,,12,
4,501,Tiêu Dao Thương Pháp,1,1,,,Attack,UI/Atlas/SkillIcon/XY_Skill.prefab,XiaoyaoSkill_01,1,,1,
4,527,Hoàn Vũ Tiêu Dao Du,1,,,,Skill5,UI/Atlas/SkillIcon/XY_Skill.prefab,Xiaoyao_nq01,,1,13,
4,510,Bạch Hồng Quán Nhật,1,,,,Skill2,UI/Atlas/SkillIcon/XY_Skill.prefab,XiaoyaoSkill_04,2,,2,
4,1013,Ngồi thiền,9,,,,BtnDazuo,UI/Atlas/SkillIcon/SkillIcon.prefab,Skill_Meditation,,,,
4,1048,Khinh Công,3,,,,SkillDodge,UI/Atlas/SkillIcon/SkillIcon.prefab,Skill_Dodge,,,,
4,507,Thất Thám Xà Bàn,4,,,,Skill1,UI/Atlas/SkillIcon/XY_Skill.prefab,XiaoyaoSkill_03,3,,3,
4,506,Đẩu Chuyển Tinh Di,10,,,,Skill3,UI/Atlas/SkillIcon/XY_Skill.prefab,XiaoyaoSkill_02,4,,4,
4,509,Tiểu Vô Tướng Công,20,,,,,UI/Atlas/SkillIcon/XY_Skill.prefab,Xiaoyao_bd01,5,,5,
4,513,Phong Quyển Tàn Vân,30,,,,Skill4,UI/Atlas/SkillIcon/XY_Skill.prefab,XiaoyaoSkill_05,6,,6,
4,522,Tam Nguyên Quy Nhất,40,,,,,UI/Atlas/SkillIcon/XY_Skill.prefab,Xiaoyao_bd07,7,,7,
4,532,Tiến Cấp Thương Pháp,50,,,,,UI/Atlas/SkillIcon/XY_Skill.prefab,Xiaoyao_bd05,8,,8,
4,516,Lăng Ba Vi Bộ,60,,,,,UI/Atlas/SkillIcon/XY_Skill.prefab,Xiaoyao_bd06,9,,9,
4,541,Tiêu Dao Ngự Phong,70,,,,,UI/Atlas/SkillIcon/XY_Skill.prefab,Xiaoyao_bd02,10,,10,
4,543,Duy Ngã Độc Tôn,80,,,,,UI/Atlas/SkillIcon/XY_Skill.prefab,Xiaoyao_bd03,11,,11,
4,561,Bi Tô Thanh Phong,90,,,,,UI/Atlas/SkillIcon/XY_Skill.prefab,Xiaoyao_bd08,12,,12,
5,601,Võ Đang Kiếm Pháp,1,1,,,Attack,UI/Atlas/SkillIcon/WD_Skill.prefab,WudangSkill_01,1,,1,
5,631,Vạn Kiếm Phong Thiên Quyết,1,,,,Skill5,UI/Atlas/SkillIcon/WD_Skill.prefab,Wudang_nq01,,1,13,
5,609,Vô Ngã Vô Kiếm,1,,,,Skill2,UI/Atlas/SkillIcon/WD_Skill.prefab,WudangSkill_02,2,,2,
5,1013,Ngồi thiền,9,,,,BtnDazuo,UI/Atlas/SkillIcon/SkillIcon.prefab,Skill_Meditation,,,,
5,1049,Khinh Công,3,,,,SkillDodge,UI/Atlas/SkillIcon/SkillIcon.prefab,Skill_Dodge,,,,
5,615,Thiên Địa Vô Cực,4,,,,Skill1,UI/Atlas/SkillIcon/WD_Skill.prefab,WudangSkill_05,3,,3,
5,613,Tọa Vọng Vô Ngã,10,,,,Skill3,UI/Atlas/SkillIcon/WD_Skill.prefab,WudangSkill_04,4,,4,
5,614,Mê Tung Ảo Ảnh,20,,,,,UI/Atlas/SkillIcon/WD_Skill.prefab,Wudang_bd01,5,,5,
5,611,Nhân Kiếm Hợp Nhất,30,,,,Skill4,UI/Atlas/SkillIcon/WD_Skill.prefab,WudangSkill_03,6,,6,
5,645,Chân Võ Thất Tiệt,40,,,,,UI/Atlas/SkillIcon/WD_Skill.prefab,Wudang_bd04,7,,7,
5,619,Cao Cấp Kiếm Pháp,50,,,,,UI/Atlas/SkillIcon/WD_Skill.prefab,Wudang_bd03,8,,8,
5,617,Thái Nhất Chân Khí,60,,,,,UI/Atlas/SkillIcon/WD_Skill.prefab,Wudang_bd02,9,,9,
5,630,Huyền Thiên Tâm Pháp,70,,,,,UI/Atlas/SkillIcon/WD_Skill.prefab,Wudang_bd07,10,,10,
5,644,Thái Cực Vô Ý,80,,,,,UI/Atlas/SkillIcon/WD_Skill.prefab,Wudang_bd06,11,,11,
5,665,Thất Tinh Quyết,90,,,,,UI/Atlas/SkillIcon/WD_Skill.prefab,Wudang_bd08,12,,12,
6,701,Thiên Nhẫn Thích Sát Thuật,1,1,,,Attack,UI/Atlas/SkillIcon/TR_Skill.prefab,TianrenSkill_01,1,,1,
6,740,Thiên Ma Ảnh Ảo Sát,1,,,,Skill5,UI/Atlas/SkillIcon/TR_Skill.prefab,Tianren_nq01,,1,13,
6,708,Tử Vong Hồi Toàn,1,,,,Skill2,UI/Atlas/SkillIcon/TR_Skill.prefab,TianrenSkill_03,2,,2,
6,1013,Ngồi thiền,9,,,,BtnDazuo,UI/Atlas/SkillIcon/SkillIcon.prefab,Skill_Meditation,,,,
6,1050,Khinh Công,3,,,,SkillDodge,UI/Atlas/SkillIcon/SkillIcon.prefab,Skill_Dodge,,,,
6,705,Ma Diệm Tại Thiên,4,,,,Skill1,UI/Atlas/SkillIcon/TR_Skill.prefab,TianrenSkill_02,3,,3,
6,711,Huyết Nguyệt Ảnh,10,,,,Skill3,UI/Atlas/SkillIcon/TR_Skill.prefab,TianrenSkill_04,4,,4,
6,721,Ảo Ảnh Phi Hồ,20,,,,,UI/Atlas/SkillIcon/TR_Skill.prefab,Tianren_bd01,5,,5,
6,722,Nhiếp Hồn Loạn Tâm,30,,,,Skill4,UI/Atlas/SkillIcon/TR_Skill.prefab,TianrenSkill_05,6,,6,
6,742,Ma Diệm Thất Sát,40,,,,,UI/Atlas/SkillIcon/TR_Skill.prefab,Tianren_bd02,7,,7,
6,728,Cao Cấp Thích Sát Thuật,50,,,,,UI/Atlas/SkillIcon/TR_Skill.prefab,Tianren_bd03,8,,8,
6,745,Phá Toái Hư Không,60,,,,,UI/Atlas/SkillIcon/TR_Skill.prefab,Tianren_bd05,9,,9,
6,736,Thánh Hỏa Phần Tâm,70,,,,,UI/Atlas/SkillIcon/TR_Skill.prefab,Tianren_bd06,10,,10,
6,748,Thiên Ma Giải Thể,80,,,,,UI/Atlas/SkillIcon/TR_Skill.prefab,Tianren_bd07,11,,11,
6,770,Phi Hồng Vô Tích,90,,,,,UI/Atlas/SkillIcon/TR_Skill.prefab,Tianren_bd08,12,,12,
7,261,Thiếu Lâm Côn Pháp,1,1,,,Attack,UI/Atlas/SkillIcon/SL_Skill.prefab,ShaolinSkill_01,1,,1,
7,283,Như Ảnh Tùy Hình Diệt,1,,,,Skill5,UI/Atlas/SkillIcon/SL_Skill.prefab,Shaolin_nq01,,1,13,
7,266,Hàng Long Côn,1,,,,Skill2,UI/Atlas/SkillIcon/SL_Skill.prefab,ShaolinSkill_02,2,,2,
7,1013,Ngồi thiền,9,,,,BtnDazuo,UI/Atlas/SkillIcon/SkillIcon.prefab,Skill_Meditation,,,,
7,1073,Khinh Công,3,,,,SkillDodge,UI/Atlas/SkillIcon/SkillIcon.prefab,Skill_Dodge,,,,
7,268,Đại Lực Kim Cang Chỉ,4,,,,Skill1,UI/Atlas/SkillIcon/SL_Skill.prefab,ShaolinSkill_03,3,,3,
7,270,Kim Cang Phục Ma,10,,,,Skill3,UI/Atlas/SkillIcon/SL_Skill.prefab,ShaolinSkill_04,4,,4,
7,271,Đạt Ma Võ Kinh,20,,,,,UI/Atlas/SkillIcon/SL_Skill.prefab,Shaolin_bd01,5,,5,
7,272,Thập Nhị Cầm Long Thủ,30,,,,Skill4,UI/Atlas/SkillIcon/SL_Skill.prefab,ShaolinSkill_05,6,,6,
7,273,La Hán Trận,40,,,,,UI/Atlas/SkillIcon/SL_Skill.prefab,Shaolin_bd02,7,,7,
7,276,Tiến Cấp Côn Pháp,50,,,,,UI/Atlas/SkillIcon/SL_Skill.prefab,Shaolin_bd03,8,,8,
7,278,Lập Địa Thành Phật,60,,,,,UI/Atlas/SkillIcon/SL_Skill.prefab,Shaolin_bd04,9,,9,
7,280,Kim Cang Nộ Mục,70,,,,,UI/Atlas/SkillIcon/SL_Skill.prefab,Shaolin_bd05,10,,10,
7,282,Dịch Cân Kinh,80,,,,,UI/Atlas/SkillIcon/SL_Skill.prefab,Shaolin_bd06,11,,11,
7,298,La Hán Kim Thân,90,,,,,UI/Atlas/SkillIcon/SL_Skill.prefab,Shaolin_bd07,12,,12,
8,801,Thúy Yên Ngự Tản Quyết,1,1,,,Attack,UI/Atlas/SkillIcon/CY_Skill.prefab,CuiyanSkill_01,1,,1,
8,837,Sương Thiên Bách Hoa Tán,1,,,,Skill5,UI/Atlas/SkillIcon/CY_Skill.prefab,Cuiyan_nq01,,1,13,
8,806,Tuyền Cơ La Vũ,1,,,,Skill2,UI/Atlas/SkillIcon/CY_Skill.prefab,CuiyanSkill_02,2,,2,
8,1013,Ngồi thiền,9,,,,BtnDazuo,UI/Atlas/SkillIcon/SkillIcon.prefab,Skill_Meditation,,,,
8,1081,Khinh Công,3,,,,SkillDodge,UI/Atlas/SkillIcon/SkillIcon.prefab,Skill_Dodge,,,,
8,808,Vũ Đả Lê Hoa,4,,,,Skill1,UI/Atlas/SkillIcon/CY_Skill.prefab,CuiyanSkill_03,3,,3,
8,810,Triệu Hồi Bảo Bảo,10,,,,Skill3,UI/Atlas/SkillIcon/CY_Skill.prefab,CuiyanSkill_04,4,,4,
8,815,Băng Tâm Sảnh Ảnh,20,,,,,UI/Atlas/SkillIcon/CY_Skill.prefab,Cuiyan_bd01,5,,5,
8,816,Băng Tung Vô Ảnh,30,,,,Skill4,UI/Atlas/SkillIcon/CY_Skill.prefab,CuiyanSkill_05,6,,6,
8,818,Tuyết Ảnh,40,,,,,UI/Atlas/SkillIcon/CY_Skill.prefab,Cuiyan_bd02,7,,7,
8,820,Cao Cấp Ngự Tản Quyết,50,,,,,UI/Atlas/SkillIcon/CY_Skill.prefab,Cuiyan_bd03,8,,8,
8,822,Hộ Thể Hàn Băng,60,,,,,UI/Atlas/SkillIcon/CY_Skill.prefab,Cuiyan_bd04,9,,9,
8,824,Băng Cơ Ngọc Cốt,70,,,,,UI/Atlas/SkillIcon/CY_Skill.prefab,Cuiyan_bd05,10,,10,
8,827,Băng Cốt Tuyết Tâm,80,,,,,UI/Atlas/SkillIcon/CY_Skill.prefab,Cuiyan_bd06,11,,11,
8,841,Phù Vân Tán Tuyết,90,,,,,UI/Atlas/SkillIcon/CY_Skill.prefab,Cuiyan_bd07,12,,12,
8,842,Triệu hồi Bảo Bảo Vũ Khí Thức Tỉnh,9999,,,,Skill3,UI/Atlas/SkillIcon/CY_Skill.prefab,CuiyanSkill_04,,,,9070
9,4001,Đường Môn Ám Khí,1,1,,,Attack,UI/Atlas/SkillIcon/TM_Skill.prefab,TangmenSkill_01,1,,1,
9,4032,Thiên Cơ Khổng Tước Linh,1,,,,Skill5,UI/Atlas/SkillIcon/TM_Skill.prefab,Tangmen_nq01,,1,13,
9,4006,Triền Thân Thích,1,,,,Skill2,UI/Atlas/SkillIcon/TM_Skill.prefab,TangmenSkill_02,2,,2,
9,1013,Ngồi thiền,9,,,,BtnDazuo,UI/Atlas/SkillIcon/SkillIcon.prefab,Skill_Meditation,,,,
9,3433,Khinh Công,3,,,,SkillDodge,UI/Atlas/SkillIcon/SkillIcon.prefab,Skill_Dodge,,,,
9,4008,Bạo Vũ Lê Hoa,4,,,,Skill1,UI/Atlas/SkillIcon/TM_Skill.prefab,TangmenSkill_03,3,,3,
9,4010,Mê Ảnh Tung,10,,,,Skill3,UI/Atlas/SkillIcon/TM_Skill.prefab,Tangmen_bd03,4,,4,
9,4011,Tâm Phách,20,,,,,UI/Atlas/SkillIcon/TM_Skill.prefab,Tangmen_bd05,5,,5,
9,4012,Cửu Cung Phi Tinh,30,,,,Skill4,UI/Atlas/SkillIcon/TM_Skill.prefab,TangmenSkill_04,6,,6,
9,4015,Tôi Độc Thuật,40,,,,,UI/Atlas/SkillIcon/TM_Skill.prefab,Tangmen_bd01,7,,7,
9,4017,Cao Cấp Ám Khí,50,,,,,UI/Atlas/SkillIcon/TM_Skill.prefab,Tangmen_bd02,8,,8,
9,4019,Tâm Nhãn,60,,,,,UI/Atlas/SkillIcon/TM_Skill.prefab,Tangmen_bd06,9,,9,
9,4027,Di Hình Hoán Ảnh,70,,,,,UI/Atlas/SkillIcon/TM_Skill.prefab,Tangmen_bd07,10,,10,
9,4024,Tâm Ma,80,,,,,UI/Atlas/SkillIcon/TM_Skill.prefab,Tangmen_bd04,11,,11,
9,4060,Truy Tinh Trục Điện,90,,,,,UI/Atlas/SkillIcon/TM_Skill.prefab,Tangmen_bd08,12,,12,
10,4101,Côn Lôn Kiếm Pháp,1,1,,,Attack,UI/Atlas/SkillIcon/KL_Skill.prefab,KunlunSkill_01,1,,1,
10,4128,Côn Hư Trụy Vô Phong,1,,,,Skill5,UI/Atlas/SkillIcon/KL_Skill.prefab,Kunlun_nq01,,1,13,
10,4106,Tiên Nhân Chỉ Lộ,1,,,,Skill2,UI/Atlas/SkillIcon/KL_Skill.prefab,KunlunSkill_02,2,,2,
10,1013,Ngồi thiền,9,,,,BtnDazuo,UI/Atlas/SkillIcon/SkillIcon.prefab,Skill_Meditation,,,,
10,3441,Khinh Công,3,,,,SkillDodge,UI/Atlas/SkillIcon/SkillIcon.prefab,Skill_Dodge,,,,
10,4110,Khiếu Phong Tam Liên Kích,4,,,,Skill1,UI/Atlas/SkillIcon/KL_Skill.prefab,Kunlun_bd04,3,,3,
10,4108,Hỗn Độn Kiếm Trận,10,,,,Skill3,UI/Atlas/SkillIcon/KL_Skill.prefab,KunlunSkill_03,4,,4,
10,4111,Túy Tiên Thác Cốt,20,,,,,UI/Atlas/SkillIcon/KL_Skill.prefab,Kunlun_bd06,5,,5,
10,4112,Lôi Động Cửu Thiên,30,,,,Skill4,UI/Atlas/SkillIcon/KL_Skill.prefab,KunlunSkill_04,6,,6,
10,4115,Ngự Phong Hành,40,,,,,UI/Atlas/SkillIcon/KL_Skill.prefab,Kunlun_bd05,7,,7,
10,4116,Cao Cấp Kiếm Pháp,50,,,,,UI/Atlas/SkillIcon/KL_Skill.prefab,Kunlun_bd01,8,,8,
10,4118,Hỗn Nguyên Càn Khôn,60,,,,,UI/Atlas/SkillIcon/KL_Skill.prefab,Kunlun_bd02,9,,9,
10,4130,Nhất Khí Tam Thanh,70,,,,,UI/Atlas/SkillIcon/KL_Skill.prefab,Kunlun_bd07,10,,10,
10,4124,Sương Ngạo Côn Lôn,80,,,,,UI/Atlas/SkillIcon/KL_Skill.prefab,Kunlun_bd03,11,,11,
10,4152,Thiên Thanh Địa Trọc,90,,,,,UI/Atlas/SkillIcon/KL_Skill.prefab,Kunlun_bd08,12,,12,
11,4201,Cái Bang Chưởng Pháp,1,1,,,Attack,UI/Atlas/SkillIcon/GB_Skill.prefab,GaibangSkill_01,1,,1,
11,4232,Giáng Long Thập Bát Chưởng,1,,,,Skill5,UI/Atlas/SkillIcon/GB_Skill.prefab,Gaibang_nq01,,1,13,
11,4206,Hàng Long Hữu Hối,1,,,,Skill2,UI/Atlas/SkillIcon/GB_Skill.prefab,GaibangSkill_02,2,,2,
11,1013,Ngồi thiền,9,,,,BtnDazuo,UI/Atlas/SkillIcon/SkillIcon.prefab,Skill_Meditation,,,,
11,3467,Khinh Công,3,,,,SkillDodge,UI/Atlas/SkillIcon/SkillIcon.prefab,Skill_Dodge,,,,
11,4208,Khốn Long Công,4,,,,Skill1,UI/Atlas/SkillIcon/GB_Skill.prefab,GaibangSkill_04,3,,3,
11,4211,Túy Điệp Cuồng Vũ,10,,,,Skill3,UI/Atlas/SkillIcon/GB_Skill.prefab,GaibangSkill_05,4,,4,
11,4212,Hóa Hiểm Vi Di,20,,,,,UI/Atlas/SkillIcon/GB_Skill.prefab,Gaibang_bd05,5,,5,
11,4213,Long Chiến Vu Dã,30,,,,Skill4,UI/Atlas/SkillIcon/GB_Skill.prefab,GaibangSkill_03,6,,6,
11,4218,Bá Vương Tạ Giáp,40,,,,,UI/Atlas/SkillIcon/GB_Skill.prefab,Gaibang_bd06,7,,7,
11,4220,Cao Cấp Chưởng Pháp,50,,,,,UI/Atlas/SkillIcon/GB_Skill.prefab,Gaibang_bd07,8,,8,
11,4222,Du Long Quyết,60,,,,,UI/Atlas/SkillIcon/GB_Skill.prefab,Gaibang_bd01,9,,9,
11,4225,Kim Thiền Thoát Xác,70,,,,,UI/Atlas/SkillIcon/GB_Skill.prefab,Gaibang_bd04,10,,10,
11,4228,Thiên Hạ Vô Cẩu,80,,,,,UI/Atlas/SkillIcon/GB_Skill.prefab,Gaibang_bd03,11,,11,
11,4229,Thâu Thiên Hoán Nhật,90,,,,,UI/Atlas/SkillIcon/GB_Skill.prefab,Gaibang_bd02,12,,12,
12,4301,Ngũ Độc Địch Chú,1,1,,,Attack,UI/Atlas/SkillIcon/WDu_Skill.prefab,WuduSkill_01,1,,1,
12,4354,Ngũ Thánh Phệ Tâm Cổ,1,,,,Skill5,UI/Atlas/SkillIcon/WDu_Skill.prefab,Wudu_nq01,,1,13,
12,4309,Âm Phong Thực Cốt,1,,,,Skill2,UI/Atlas/SkillIcon/WDu_Skill.prefab,WuduSkill_05,2,,2,
12,1013,Ngồi thiền,9,,,,BtnDazuo,UI/Atlas/SkillIcon/SkillIcon.prefab,Skill_Meditation,,,,
12,3475,Khinh Công,3,,,,SkillDodge,UI/Atlas/SkillIcon/SkillIcon.prefab,Skill_Dodge,,,,
12,4312,Triệu Hồi Độc Trùng,4,,,,Skill1,UI/Atlas/SkillIcon/WDu_Skill.prefab,WuduSkill_02,3,,3,
12,4334,Mê Tâm Cổ,10,,,,Skill3,UI/Atlas/SkillIcon/WDu_Skill.prefab,WuduSkill_04,4,,4,
12,4338,Ngự Độc Thuật,20,,,,,UI/Atlas/SkillIcon/WDu_Skill.prefab,Wudu_bd04,5,,5,
12,4339,Vạn Cổ Thực Tâm,30,,,,Skill4,UI/Atlas/SkillIcon/WDu_Skill.prefab,WuduSkill_03,6,,6,
12,4341,Bách Độc Xuyên Tâm,40,,,,,UI/Atlas/SkillIcon/WDu_Skill.prefab,Wudu_bd05,7,,7,
12,4343,Cao Cấp Địch Chú,50,,,,,UI/Atlas/SkillIcon/WDu_Skill.prefab,Wudu_bd06,8,,8,
12,4345,Vô Hình Cổ,60,,,,,UI/Atlas/SkillIcon/WDu_Skill.prefab,Wudu_bd01,9,,9,
12,4347,Hồi Hồn Mật Chú,70,,,,,UI/Atlas/SkillIcon/WDu_Skill.prefab,Wudu_bd07,10,,10,
12,4349,Vạn Độc Tâm Pháp,80,,,,,UI/Atlas/SkillIcon/WDu_Skill.prefab,Wudu_bd03,11,,11,
12,4350,Ngũ Độc Kỳ Kinh,90,,,,,UI/Atlas/SkillIcon/WDu_Skill.prefab,Wudu_bd02,12,,12,
13,4401,Tàng Kiếm Kiếm Pháp,1,1,,,Attack,UI/Atlas/SkillIcon/CJ_Skill.prefab,CangjianSkill_01,1,,1,
13,4433,Vân Phi Ngọc Hoàng Trảm,1,,,,Skill5,UI/Atlas/SkillIcon/CJ_Skill.prefab,Cangjian_nq01,,1,13,
13,4406,Đoạn Triều,1,,,,Skill2,UI/Atlas/SkillIcon/CJ_Skill.prefab,CangjianSkill_03,2,,2,
13,1013,Ngồi thiền,9,,,,BtnDazuo,UI/Atlas/SkillIcon/SkillIcon.prefab,Skill_Meditation,,,,
13,3530,Khinh Công,3,,,,SkillDodge,UI/Atlas/SkillIcon/SkillIcon.prefab,Skill_Dodge,,,,
13,4410,Tâm Kiếm,4,,,,Skill1,UI/Atlas/SkillIcon/CJ_Skill.prefab,CangjianSkill_05,3,,3,
13,4408,Ngọc Tuyền Ngư Dược,10,,,,Skill3,UI/Atlas/SkillIcon/CJ_Skill.prefab,CangjianSkill_04,4,,4,
13,4412,Kinh Đào,20,,,,,UI/Atlas/SkillIcon/CJ_Skill.prefab,Cangjian_bd01,5,,5,
13,4413,Phong Tháp Vân Cảnh,30,,,,Skill4,UI/Atlas/SkillIcon/CJ_Skill.prefab,CangjianSkill_02,6,,6,
13,4417,Hạc Quy Cô Sơn,40,,,,,UI/Atlas/SkillIcon/CJ_Skill.prefab,Cangjian_bd02,7,,7,
13,4420,Cao Cấp Kiếm Pháp,50,,,,,UI/Atlas/SkillIcon/CJ_Skill.prefab,Cangjian_bd03,8,,8,
13,4422,Ánh Ba Tỏa Lan,60,,,,,UI/Atlas/SkillIcon/CJ_Skill.prefab,Cangjian_bd04,9,,9,
13,4424,Vân Thê Tùng,70,,,,,UI/Atlas/SkillIcon/CJ_Skill.prefab,Cangjian_bd05,10,,10,
13,4427,Phong Lai Ngô Sơn,80,,,,,UI/Atlas/SkillIcon/CJ_Skill.prefab,Cangjian_bd06,11,,11,
13,4428,Hoàng Long Thổ Thúy,90,,,,,UI/Atlas/SkillIcon/CJ_Skill.prefab,Cangjian_bd07,12,,12,
14,4501,Trường Ca Phiến Quyết,1,1,,,Attack,UI/Atlas/SkillIcon/CG_Skill.prefab,ChanggeSkill_01,1,,1,
14,4544,Nghê Thường Vũ Y Vũ,1,,,,Skill5,UI/Atlas/SkillIcon/CG_Skill.prefab,Changge_nq01,,1,13,
14,4506,Bình Sa Nhạn Lạc,1,,,,Skill2,UI/Atlas/SkillIcon/CG_Skill.prefab,ChanggeSkill_04,2,,2,
14,1013,Ngồi thiền,9,,,,BtnDazuo,UI/Atlas/SkillIcon/SkillIcon.prefab,Skill_Meditation,,,,
14,3538,Khinh Công,3,,,,SkillDodge,UI/Atlas/SkillIcon/SkillIcon.prefab,Skill_Dodge,,,,
14,4508,Vân Sinh Kết Hải,4,,,,Skill1,UI/Atlas/SkillIcon/CG_Skill.prefab,ChanggeSkill_03,3,,3,
14,4512,Thanh Âm Trường Khiếu,10,,,,Skill3,UI/Atlas/SkillIcon/CG_Skill.prefab,ChanggeSkill_05,4,,4,
14,4517,Thiên Âm Tri Mạch,20,,,,,UI/Atlas/SkillIcon/CG_Skill.prefab,Changge_bd01,5,,5,
14,4518,Giang Trục Nguyệt Thiên,30,,,,Skill4,UI/Atlas/SkillIcon/CG_Skill.prefab,ChanggeSkill_02,6,,6,
14,4522,Dạ Dẫn Phong Lam,40,,,,,UI/Atlas/SkillIcon/CG_Skill.prefab,Changge_bd07,7,,7,
14,4525,Cao Cấp Phiến Quyết,50,,,,,UI/Atlas/SkillIcon/CG_Skill.prefab,Changge_bd03,8,,8,
14,4527,Ma Âm Triền Nhiễu,60,,,,,UI/Atlas/SkillIcon/CG_Skill.prefab,Changge_bd05,9,,9,
14,4529,Hồi Mộng Trục Quang,70,,,,,UI/Atlas/SkillIcon/CG_Skill.prefab,Changge_bd04,10,,10,
14,4538,Ngân Chúc Thanh Vận,80,,,,,UI/Atlas/SkillIcon/CG_Skill.prefab,Changge_bd06,11,,11,
14,4539,Dương Xuân Bạch Tuyết,90,,,,,UI/Atlas/SkillIcon/CG_Skill.prefab,Changge_bd02,12,,12,
15,4601,Thiên Sơn Cầm Khúc,1,1,,,Attack,UI/Atlas/SkillIcon/TS_Skill.prefab,TianshanSkill_01,1,,1,
15,4616,Thiên Âm Trấn Hồn Khúc,1,,,,Skill5,UI/Atlas/SkillIcon/TS_Skill.prefab,Tianshan_nq01,,1,13,
15,4606,Phi Yến Lăng Ba,1,,,,Skill2,UI/Atlas/SkillIcon/TS_Skill.prefab,TianshanSkill_02,2,,2,
15,1013,Ngồi thiền,9,,,,BtnDazuo,UI/Atlas/SkillIcon/SkillIcon.prefab,Skill_Meditation,,,,
15,1081,Khinh Công,3,,,,SkillDodge,UI/Atlas/SkillIcon/SkillIcon.prefab,Skill_Dodge,,,,
15,4608,Ngân Bình Ngọc Toái,4,,,,Skill1,UI/Atlas/SkillIcon/TS_Skill.prefab,TianshanSkill_03,3,,3,
15,4611,Không Sơn Ngưng Vân,10,,,,Skill3,UI/Atlas/SkillIcon/TS_Skill.prefab,TianshanSkill_04,4,,4,
15,4612,Song Đạn Như Nhất,20,,,,,UI/Atlas/SkillIcon/TS_Skill.prefab,Tianshan_bd01,5,,5,
15,4613,Thủy Long Ngâm,30,,,,Skill4,UI/Atlas/SkillIcon/TS_Skill.prefab,TianshanSkill_05,6,,6,
15,4619,Phượng Thê Ngô Đồng,40,,,,,UI/Atlas/SkillIcon/TS_Skill.prefab,Tianshan_bd03,7,,7,
15,4622,Xuy Vân Kình,50,,,,,UI/Atlas/SkillIcon/TS_Skill.prefab,Tianshan_bd02,8,,8,
15,4624,Thủy Mộ Thiên Hoa,60,,,,,UI/Atlas/SkillIcon/TS_Skill.prefab,Tianshan_bd04,9,,9,
15,4626,Nghịch Thủy Hàn,70,,,,,UI/Atlas/SkillIcon/TS_Skill.prefab,Tianshan_bd07,10,,10,
15,4629,Kiếm Đảm Cầm Tâm,80,,,,,UI/Atlas/SkillIcon/TS_Skill.prefab,Tianshan_bd06,11,,11,
15,4634,Cầm Sắt Hòa Minh,90,,,,,UI/Atlas/SkillIcon/TS_Skill.prefab,Tianshan_bd05,12,,12,
16,5001,Bá Đao Đao Quyết,1,1,,,Attack,UI/Atlas/SkillIcon/BD_Skill.prefab,BadaoSkill_01,1,,1,
16,5020,Thiên Phong Đoạn Nhạc Trảm,1,,,,Skill5,UI/Atlas/SkillIcon/BD_Skill.prefab,Badao_nq01,,1,13,
16,5005,Hóa Huyết Kiếp Quang,1,,,,Skill2,UI/Atlas/SkillIcon/BD_Skill.prefab,BadaoSkill_02,2,,2,
16,1013,Ngồi thiền,9,,,,BtnDazuo,UI/Atlas/SkillIcon/SkillIcon.prefab,Skill_Meditation,,,,
16,1045,Khinh Công,3,,,,SkillDodge,UI/Atlas/SkillIcon/SkillIcon.prefab,Skill_Dodge,,,,
16,5008,Hiệp Sơn Siêu Hải,4,,,,Skill1,UI/Atlas/SkillIcon/BD_Skill.prefab,BadaoSkill_03,3,,3,
16,5011,Nghịch Huyết Tiệt Mạch,10,,,,Skill3,UI/Atlas/SkillIcon/BD_Skill.prefab,BadaoSkill_04,4,,4,
16,5023,Thiết Sách Hoành Giang,20,,,,,UI/Atlas/SkillIcon/BD_Skill.prefab,Badao_bd01,5,,5,
16,5015,Dục Huyết Đạo Phong,30,,,,Skill4,UI/Atlas/SkillIcon/BD_Skill.prefab,BadaoSkill_05,6,,6,
16,5024,Tàn Dương Ánh Huyết,40,,,,,UI/Atlas/SkillIcon/BD_Skill.prefab,Badao_bd05,7,,7,
16,5025,Tiến Cấp Đao Pháp,50,,,,,UI/Atlas/SkillIcon/BD_Skill.prefab,Badao_bd03,8,,8,
16,5026,Tị Thực Tựu Hư,60,,,,,UI/Atlas/SkillIcon/BD_Skill.prefab,Badao_bd06,9,,9,
16,5028,Bĩ Cực Thái Lai,70,,,,,UI/Atlas/SkillIcon/BD_Skill.prefab,Badao_bd02,10,,10,
16,5031,Trấn Hải Quyết,80,,,,,UI/Atlas/SkillIcon/BD_Skill.prefab,Badao_bd04,11,,11,
16,5032,Thừa Thắng Trục Bắc,90,,,,,UI/Atlas/SkillIcon/BD_Skill.prefab,Badao_bd07,12,,12,
17,5201,Hoa Sơn Kiếm Pháp,1,1,,,Attack,UI/Atlas/SkillIcon/HS_Skill.prefab,HuaShanSkill_01,1,,1,
17,5230,Thái Nhạc Tam Thanh Phong,1,,,,Skill5,UI/Atlas/SkillIcon/HS_Skill.prefab,HuaShan_nq01,,1,13,
17,5206,Tiêu Sử Thừa Long,1,,,,Skill2,UI/Atlas/SkillIcon/HS_Skill.prefab,HuaShanSkill_02,2,,2,
17,1013,Ngồi thiền,9,,,,BtnDazuo,UI/Atlas/SkillIcon/SkillIcon.prefab,Skill_Meditation,,,,
17,1049,Khinh Công,3,,,,SkillDodge,UI/Atlas/SkillIcon/SkillIcon.prefab,Skill_Dodge,,,,
17,5209,Thiên Thân Đảo Huyền,4,,,,Skill1,UI/Atlas/SkillIcon/HS_Skill.prefab,HuaShanSkill_03,3,,3,
17,5212,Triều Dương Nhất Khí,10,,,,Skill3,UI/Atlas/SkillIcon/HS_Skill.prefab,HuaShanSkill_04,4,,4,
17,5219,Bão Nguyên Kình,20,,,,,UI/Atlas/SkillIcon/HS_Skill.prefab,HuaShan_bd01,5,,5,
17,5215,Phong Tống Tử Hà,30,,,,Skill4,UI/Atlas/SkillIcon/HS_Skill.prefab,HuaShanSkill_05,6,,6,
17,5220,Thức Phá,40,,,,,UI/Atlas/SkillIcon/HS_Skill.prefab,HuaShan_bd02,7,,7,
17,5223,Cao Cấp Kiếm Pháp,50,,,,,UI/Atlas/SkillIcon/HS_Skill.prefab,HuaShan_bd03,8,,8,
17,5224,Tử Hà Thần Công,60,,,,,UI/Atlas/SkillIcon/HS_Skill.prefab,HuaShan_bd04,9,,9,
17,5225,Vân Thiên Hồ Quang,70,,,,,UI/Atlas/SkillIcon/HS_Skill.prefab,HuaShan_bd05,10,,10,
17,5227,Hỗn Nguyên Công,80,,,,,UI/Atlas/SkillIcon/HS_Skill.prefab,HuaShan_bd06,11,,11,
17,5228,Thiên Quang Vân Ảnh,90,,,,,UI/Atlas/SkillIcon/HS_Skill.prefab,HuaShan_bd07,12,,12,
18,5501,Minh Giáo Ngự Hoàn Quyết,1,1,,,Attack,UI/Atlas/SkillIcon/MJ_Skill.prefab,MingJiaoSkill_01,1,,1,
18,5521,Tịnh Thế Phá Ma Kích,1,,,,Skill5,UI/Atlas/SkillIcon/MJ_Skill.prefab,MingJiao_nq01,,1,13,
18,5506,Phần Sơn Phệ Xuyên,1,,,,Skill2,UI/Atlas/SkillIcon/MJ_Skill.prefab,MingJiaoSkill_02,2,,2,
18,1013,Ngồi thiền,9,,,,BtnDazuo,UI/Atlas/SkillIcon/SkillIcon.prefab,Skill_Meditation,,,,
18,3467,Khinh Công,3,,,,SkillDodge,UI/Atlas/SkillIcon/SkillIcon.prefab,Skill_Dodge,,,,
18,5508,Điện Quang Thạch Hỏa,4,,,,Skill1,UI/Atlas/SkillIcon/MJ_Skill.prefab,MingJiaoSkill_03,3,,3,
18,5511,Hỏa Quang Tàn Ảnh,10,,,,Skill3,UI/Atlas/SkillIcon/MJ_Skill.prefab,MingJiaoSkill_04,4,,4,
18,5514,Quang Minh Dẫn,20,,,,,UI/Atlas/SkillIcon/MJ_Skill.prefab,MingJiao_bd01,5,,5,
18,5515,Hủy Thiên Diệt Địa,30,,,,Skill4,UI/Atlas/SkillIcon/MJ_Skill.prefab,MingJiaoSkill_05,6,,6,
18,5524,Thánh Hỏa Thao Thiên,40,,,,,UI/Atlas/SkillIcon/MJ_Skill.prefab,MingJiao_bd02,7,,7,
18,5526,Cao Cấp Kiếm Pháp,50,,,,,UI/Atlas/SkillIcon/MJ_Skill.prefab,MingJiao_bd03,8,,8,
18,5527,Dẫn Hỏa Thiêu Thân,60,,,,,UI/Atlas/SkillIcon/MJ_Skill.prefab,MingJiao_bd04,9,,9,
18,5530,Tinh Hỏa Liêu Nguyên,70,,,,,UI/Atlas/SkillIcon/MJ_Skill.prefab,MingJiao_bd05,10,,10,
18,5533,Minh Tôn Thánh Thể,80,,,,,UI/Atlas/SkillIcon/MJ_Skill.prefab,MingJiao_bd06,11,,11,
18,5534,Hỏa Vũ Lăng Thiên,90,,,,,UI/Atlas/SkillIcon/MJ_Skill.prefab,MingJiao_bd07,12,,12,
19,5601,Đoàn Thị Phiến Quyết,1,1,,,Attack,UI/Atlas/SkillIcon/DS_Skill.prefab,DuanShiSkill_01,1,,1,
19,5631,Hãn Hải Bách Trượng Băng,1,,,,Skill5,UI/Atlas/SkillIcon/DS_Skill.prefab,DuanShi_nq01,,1,13,
19,5606,Nhất Dương Chỉ,1,,,,Skill2,UI/Atlas/SkillIcon/DS_Skill.prefab,DuanShiSkill_02,2,,2,
19,1013,Ngồi thiền,9,,,,BtnDazuo,UI/Atlas/SkillIcon/SkillIcon.prefab,Skill_Meditation,,,,
19,1081,Khinh Công,3,,,,SkillDodge,UI/Atlas/SkillIcon/SkillIcon.prefab,Skill_Dodge,,,,
19,5608,Ngũ La Khinh Yên,4,,,,Skill1,UI/Atlas/SkillIcon/DS_Skill.prefab,DuanShiSkill_03,3,,3,
19,5611,Lục Mạch Thần Kiếm,10,,,,Skill3,UI/Atlas/SkillIcon/DS_Skill.prefab,DuanShiSkill_04,4,,4,
19,5625,Đoàn Thị Tâm Pháp,20,,,,,UI/Atlas/SkillIcon/DS_Skill.prefab,DuanShi_bd01,5,,5,
19,5626,Thủy Long Ngục,30,,,,Skill4,UI/Atlas/SkillIcon/DS_Skill.prefab,DuanShiSkill_05,6,,6,
19,5633,Diệu Đế Chỉ,40,,,,,UI/Atlas/SkillIcon/DS_Skill.prefab,DuanShi_bd03,7,,7,
19,5635,Cao Cấp Phiến Quyết,50,,,,,UI/Atlas/SkillIcon/DS_Skill.prefab,DuanShi_bd02,8,,8,
19,5637,Họa Địa Vi Lao,60,,,,,UI/Atlas/SkillIcon/DS_Skill.prefab,DuanShi_bd04,9,,9,
19,5642,Khô Vinh Thiền Công,70,,,,,UI/Atlas/SkillIcon/DS_Skill.prefab,DuanShi_bd07,10,,10,
19,5645,Thiên Long Thần Công,80,,,,,UI/Atlas/SkillIcon/DS_Skill.prefab,DuanShi_bd06,11,,11,
19,5646,Bắc Minh Thần Công,90,,,,,UI/Atlas/SkillIcon/DS_Skill.prefab,DuanShi_bd05,12,,12,
20,5801,Vạn Hoa Bút Pháp,1,1,,,Attack,UI/Atlas/SkillIcon/WHua_Skill.prefab,WanHuaSkill_01,1,,1,
20,5820,Chấp Bút Họa Giang Sơn,1,,,,Skill5,UI/Atlas/SkillIcon/WHua_Skill.prefab,WanHuashan_nq01,,1,13,
20,5805,Chấp Dĩnh Điểm Mặc,1,,,,Skill2,UI/Atlas/SkillIcon/WHua_Skill.prefab,WanHuaSkill_02,2,,2,
20,1013,Ngồi thiền,9,,,,BtnDazuo,UI/Atlas/SkillIcon/SkillIcon.prefab,Skill_Meditation,,,,
20,1081,Khinh Công,3,,,,SkillDodge,UI/Atlas/SkillIcon/SkillIcon.prefab,Skill_Dodge,,,,
20,5808,Lan Thôi Ngọc Chiết,4,,,,Skill1,UI/Atlas/SkillIcon/WHua_Skill.prefab,WanHuaSkill_03,3,,3,
20,5810,Mặc Hổ Như Sinh,10,,,,Skill3,UI/Atlas/SkillIcon/WHua_Skill.prefab,WanHuaSkill_04,4,,4,
20,5824,Vạn Hoa Tâm Pháp,20,,,,,UI/Atlas/SkillIcon/WHua_Skill.prefab,WanHua_bd01,5,,5,
20,5812,Hội Hổ Điểm Tinh,30,,,,Skill4,UI/Atlas/SkillIcon/WHua_Skill.prefab,WanHuaSkill_05,6,,6,
20,5831,Mặc Thủ Thành Quy,40,,,,,UI/Atlas/SkillIcon/WHua_Skill.prefab,WanHua_bd02,7,,7,
20,5835,Đánh Thường-Cao thường cao,50,,,,,UI/Atlas/SkillIcon/WHua_Skill.prefab,WanHua_bd03,8,,8,
20,5837,Dữ Hổ Thiêm Dực,60,,,,,UI/Atlas/SkillIcon/WHua_Skill.prefab,WanHua_bd04,9,,9,
20,5844,Hổ Tiếu Sơn Lâm,70,,,,,UI/Atlas/SkillIcon/WHua_Skill.prefab,WanHua_bd05,10,,10,
20,5849,Thanh Tâm Tịnh Khí,80,,,,,UI/Atlas/SkillIcon/WHua_Skill.prefab,WanHua_bd06,11,,11,
20,5850,Mặc Nhiễm Thất Sắc,90,,,,,UI/Atlas/SkillIcon/WHua_Skill.prefab,WanHua_bd07,12,,12,
20,5839,Hội Hổ Điểm Tinh,9999,,,,Skill4,UI/Atlas/SkillIcon/WHua_Skill.prefab,WanHua_bd04_jn04,,,,5838
21,6001,Dương Môn Tiễn Thuật,1,1,1,,Attack,UI/Atlas/SkillIcon/YM_Skill.prefab,YangMenSkill_Arch_01,1,,1,
21,6012,Dương Môn Thương Thuật,1,1,,,Attack,UI/Atlas/SkillIcon/YM_Skill.prefab,YangMenSkill_Halberd_01,1,,1,
21,6024,Bích Nguyệt Phi Tinh Kích,1,,,,Skill5,UI/Atlas/SkillIcon/YM_Skill.prefab,YangMen_nq01,,1,13,
21,6005,Lưu Quang Tuyệt Ảnh,1,,1,,Skill2,UI/Atlas/SkillIcon/YM_Skill.prefab,YangMenSkill_Arch_02,2,,2,
21,6016,Bôn Lang Thương,1,,,,Skill2,UI/Atlas/SkillIcon/YM_Skill.prefab,YangMenSkill_Halberd_02,2,,2,
21,6011,Cung Thiết Thương,1,,1,1,Skill4,UI/Atlas/SkillIcon/YM_Skill.prefab,YangMenSkill_Arch_05,,,,
21,6022,Thương Thiết Cung,1,,,1,Skill4,UI/Atlas/SkillIcon/YM_Skill.prefab,YangMenSkill_Halberd_05,,,,
21,1013,Ngồi thiền,9,,,,BtnDazuo,UI/Atlas/SkillIcon/SkillIcon.prefab,Skill_Meditation,,,,
21,1081,Khinh Công,3,,,,SkillDodge,UI/Atlas/SkillIcon/SkillIcon.prefab,Skill_Dodge,,,,
21,6008,Khiếu Phong Quyết,4,,1,,Skill1,UI/Atlas/SkillIcon/YM_Skill.prefab,YangMenSkill_Arch_03,3,,3,
21,6018,Kỳ Môn Thuẫn,4,,,,Skill1,UI/Atlas/SkillIcon/YM_Skill.prefab,YangMenSkill_Halberd_03,3,,3,
21,6007,Toái Kim Tiễn Thuật,10,,1,,Skill3,UI/Atlas/SkillIcon/YM_Skill.prefab,YangMenSkill_Arch_04,4,,4,
21,6021,Hoành Tảo Thiên Quân,10,,,,Skill3,UI/Atlas/SkillIcon/YM_Skill.prefab,YangMenSkill_Halberd_04,4,,4,
21,6027,Thiết Huyết Tâm Pháp,20,,,,,UI/Atlas/SkillIcon/YM_Skill.prefab,WanHua_bd01,5,,5,
21,6028,Thương Liên Cung Ánh,30,,,,,UI/Atlas/SkillIcon/YM_Skill.prefab,WanHua_bd01,6,,6,
21,6031,Vạn Phu Bất Đương,40,,,,,UI/Atlas/SkillIcon/YM_Skill.prefab,WanHua_bd02,7,,7,
21,6033,Tiến Cấp Công Thường,50,,,,,UI/Atlas/SkillIcon/YM_Skill.prefab,WanHua_bd03,8,,8,
21,6036,Hậu Phát Chế Nhân,60,,,,,UI/Atlas/SkillIcon/YM_Skill.prefab,WanHua_bd04,9,,9,
21,6039,Bĩ Cực Dương Hồi,70,,,,,UI/Atlas/SkillIcon/YM_Skill.prefab,WanHua_bd05,10,,10,
21,6042,Dương Môn Bản Sinh,80,,,,,UI/Atlas/SkillIcon/YM_Skill.prefab,WanHua_bd06,11,,11,
21,6043,Lưỡng Cực Phản Chuyển,90,,,,,UI/Atlas/SkillIcon/YM_Skill.prefab,WanHua_bd07,12,,12,
22,6201,Long Tước Đao Pháp,1,1,,,Attack,UI/Atlas/SkillIcon/LQ_Skill.prefab,LongQueSkill_01,1,,1,
22,6221,Liệt Diệm Phá Không Trảm,1,,,,Skill5,UI/Atlas/SkillIcon/LQ_Skill.prefab,LongQue_nq01,,1,13,
22,6206,Đạp Diễm Trục Quang,1,,,,Skill2,UI/Atlas/SkillIcon/LQ_Skill.prefab,LongQueSkill_02,2,,2,
22,1013,Ngồi thiền,9,,,,BtnDazuo,UI/Atlas/SkillIcon/SkillIcon.prefab,Skill_Meditation,,,,
22,1081,Khinh Công,3,,,,SkillDodge,UI/Atlas/SkillIcon/SkillIcon.prefab,Skill_Dodge,,,,
22,6208,Mê Thần Ảo Ảnh,4,,,,Skill1,UI/Atlas/SkillIcon/LQ_Skill.prefab,LongQueSkill_03,3,,3,
22,6211,Toàn Vũ Trảm,10,,,,Skill3,UI/Atlas/SkillIcon/LQ_Skill.prefab,LongQueSkill_04,4,,4,
22,6220,Hỏa Trúc,20,,,,,UI/Atlas/SkillIcon/LQ_Skill.prefab,LongQue_bd01,5,,5,
22,6212,Đao Thần Giáng Thế,30,,,,Skill4,UI/Atlas/SkillIcon/LQ_Skill.prefab,LongQueSkill_05,6,,6,
22,6228,Hiểm Cảnh Phùng Sinh,40,,,,,UI/Atlas/SkillIcon/LQ_Skill.prefab,LongQue_bd02,7,,7,
22,6231,Cao Cấp Đao Pháp,50,,,,,UI/Atlas/SkillIcon/LQ_Skill.prefab,LongQue_bd03,8,,8,
22,6232,Mộ Quang Diễm,60,,,,,UI/Atlas/SkillIcon/LQ_Skill.prefab,LongQue_bd04,9,,9,
22,6234,Dung Hỏa Tâm,70,,,,,UI/Atlas/SkillIcon/LQ_Skill.prefab,LongQue_bd05,10,,10,
22,6237,Bất Diệt Khu,80,,,,,UI/Atlas/SkillIcon/LQ_Skill.prefab,LongQue_bd06,11,,11,
22,6238,Tẫn Dư Sinh Huy,90,,,,,UI/Atlas/SkillIcon/LQ_Skill.prefab,LongQue_bd07,12,,12,
22,6213,Biến Thân Trùng Thích,9999,,,,Attack,UI/Atlas/SkillIcon/LQ_Skill.prefab,LongQueSkill_01,,,,6212
23,6301,Thần Cơ Phi Nhẫn,1,1,,,Attack,UI/Atlas/SkillIcon/SJ_Skill.prefab,ShenJiSkill_01,1,,1,
23,6322,Kinh Hồng Cao Thiên Kích,1,,,,Skill5,UI/Atlas/SkillIcon/SJ_Skill.prefab,ShenJi_nq01,,1,13,
23,6306,Khôi Lỗi Ưng Phách,1,,,,Skill2,UI/Atlas/SkillIcon/SJ_Skill.prefab,ShenJiSkill_02,2,,2,
23,1013,Ngồi thiền,9,,,,BtnDazuo,UI/Atlas/SkillIcon/SkillIcon.prefab,Skill_Meditation,,,,
23,3433,Khinh Công,3,,,,SkillDodge,UI/Atlas/SkillIcon/SkillIcon.prefab,Skill_Dodge,,,,
23,6308,Ưng Kích Trường Không,4,,,,Skill1,UI/Atlas/SkillIcon/SJ_Skill.prefab,ShenJiSkill_03,3,,3,
23,6311,Lăng Phong Tùy Ảnh,10,,,,Skill3,UI/Atlas/SkillIcon/SJ_Skill.prefab,ShenJiSkill_04,4,,4,
23,6328,Tâm Phách,20,,,,,UI/Atlas/SkillIcon/SJ_Skill.prefab,ShenJi_bd01,5,,5,
23,6313,Hóa Vũ Thừa Phong,30,,,,Skill4,UI/Atlas/SkillIcon/SJ_Skill.prefab,ShenJiSkill_05,6,,6,
23,6329,Tôi Độc Thuật,40,,,,,UI/Atlas/SkillIcon/SJ_Skill.prefab,ShenJi_bd02,7,,7,
23,6331,Phi Nhẫn Cao Cấp,50,,,,,UI/Atlas/SkillIcon/SJ_Skill.prefab,ShenJi_bd03,8,,8,
23,6332,Tâm Nhãn,60,,,,,UI/Atlas/SkillIcon/SJ_Skill.prefab,ShenJi_bd04,9,,9,
23,6335,Di Hình Hoán Ảnh,70,,,,,UI/Atlas/SkillIcon/SJ_Skill.prefab,ShenJi_bd05,10,,10,
23,6338,Tâm Ma,80,,,,,UI/Atlas/SkillIcon/SJ_Skill.prefab,ShenJi_bd06,11,,11,
23,6339,Truy Tinh Trục Điện,90,,,,,UI/Atlas/SkillIcon/SJ_Skill.prefab,ShenJi_bd07,12,,12,
23,6315,Hóa Vũ Thừa Phong,9999,,,,Skill4,UI/Atlas/SkillIcon/SJ_Skill.prefab,ShenJiSkill_05,,,,6318
23,6341,Lv90,9999,,,,Attack,UI/Atlas/SkillIcon/SJ_Skill.prefab,ShenJi_bd07_jn07,,,,6340
24,6401,Huyền Thủy Giáo-Đánh Thường,1,1,,,Attack,UI/Atlas/SkillIcon/XS_Skill.prefab,XuanShuiSkill_01,1,,1,
24,6418,Thương Minh Ngưng Thế Kiếp,1,,,,Skill5,UI/Atlas/SkillIcon/XS_Skill.prefab,XuanShui_nq01,,1,13,
24,6406,Phù Ẩu Sơ Ảnh,1,,,,Skill2,UI/Atlas/SkillIcon/XS_Skill.prefab,XuanShuiSkill_02,2,,2,
24,1013,Ngồi thiền,9,,,,BtnDazuo,UI/Atlas/SkillIcon/SkillIcon.prefab,Skill_Meditation,,,,
24,1081,Khinh Công,3,,,,SkillDodge,UI/Atlas/SkillIcon/SkillIcon.prefab,Skill_Dodge,,,,
24,6408,Mộ Hàn Tàn Tuyết,4,,,,Skill1,UI/Atlas/SkillIcon/XS_Skill.prefab,XuanShuiSkill_03,3,,3,
24,6410,Huyền Hư Phù Ấn,10,,,,Skill3,UI/Atlas/SkillIcon/XS_Skill.prefab,XuanShuiSkill_04,4,,4,
24,6420,Băng Tâm Sảnh Ảnh,20,,,,,UI/Atlas/SkillIcon/XS_Skill.prefab,XuanShui_bd01,5,,5,
24,6414,Bàn Băng Phi Sương,30,,,,Skill4,UI/Atlas/SkillIcon/XS_Skill.prefab,XuanShuiSkill_05,6,,6,
24,6421,Như Nguyệt Hàn,40,,,,,UI/Atlas/SkillIcon/XS_Skill.prefab,XuanShui_bd02,7,,7,
24,6425,Ngự Phiên Thuật-Cao,50,,,,,UI/Atlas/SkillIcon/XS_Skill.prefab,XuanShui_bd03,8,,8,
24,6426,Lạc Hồng Hộ Hoa,60,,,,,UI/Atlas/SkillIcon/XS_Skill.prefab,XuanShui_bd04,9,,9,
24,6429,Sương Hoa Bất Tức,70,,,,,UI/Atlas/SkillIcon/XS_Skill.prefab,XuanShui_bd05,10,,10,
24,6431,Liên Y Tâm Pháp,80,,,,,UI/Atlas/SkillIcon/XS_Skill.prefab,XuanShui_bd06,11,,11,
24,6432,Nguyệt Ngấn Sương Vựng,90,,,,,UI/Atlas/SkillIcon/XS_Skill.prefab,XuanShui_bd07,12,,12,
25,6601,Xung Tiêu Pháo Pháp,1,1,,,Attack,UI/Atlas/SkillIcon/CX_Skill.prefab,ChongXiaoSkill_01,1,,1,
25,6616,Vạn Linh Trụy Tinh Lan ,1,,,,Skill5,UI/Atlas/SkillIcon/CX_Skill.prefab,ChongXiao_nq01,,1,13,
25,6606,Dị Lãnh Pháo Hoa,1,,,,Skill2,UI/Atlas/SkillIcon/CX_Skill.prefab,ChongXiaoSkill_02,2,,2,
25,1013,Ngồi thiền,9,,,,BtnDazuo,UI/Atlas/SkillIcon/SkillIcon.prefab,Skill_Meditation,,,,
25,3441,Khinh Công,3,,,,SkillDodge,UI/Atlas/SkillIcon/SkillIcon.prefab,Skill_Dodge,,,,
25,6608,Lôi Đình Vạn Quân,4,,,,Skill1,UI/Atlas/SkillIcon/CX_Skill.prefab,ChongXiaoSkill_05,3,,3,
25,6610,Bình Địa Lôi,10,,,,Skill3,UI/Atlas/SkillIcon/CX_Skill.prefab,ChongXiaoSkill_04,4,,4,
25,6618,Tâm Pháp Xung Tiêu,20,,,,,UI/Atlas/SkillIcon/CX_Skill.prefab,ChongXiao_bd01,5,,5,
25,6612,Phá Khước Uyên Ương,30,,,,Skill4,UI/Atlas/SkillIcon/CX_Skill.prefab,ChongXiaoSkill_03,6,,6,
25,6619,Hỏa Thụ Ngân Hoa,40,,,,,UI/Atlas/SkillIcon/CX_Skill.prefab,ChongXiao_bd02,7,,7,
25,6622,Pháo Thuật-Cao,50,,,,,UI/Atlas/SkillIcon/CX_Skill.prefab,ChongXiao_bd03,8,,8,
25,6623,Yên Vân Mộ,60,,,,,UI/Atlas/SkillIcon/CX_Skill.prefab,ChongXiao_bd04,9,,9,
25,6626,Tinh Chiêu Bất Diệt,70,,,,,UI/Atlas/SkillIcon/CX_Skill.prefab,ChongXiao_bd05,10,,10,
25,6629,Trần Thế Tuyên,80,,,,,UI/Atlas/SkillIcon/CX_Skill.prefab,ChongXiao_bd06,11,,11,
25,6632,Song Đồng Ỷ Long,90,,,,,UI/Atlas/SkillIcon/CX_Skill.prefab,ChongXiao_bd07,12,,12,
26,6701,Võ Đang Ngự Kiếm Thuật,1,1,,,Attack,UI/Atlas/SkillIcon/WD_Skill.prefab,WudangSkill_jx01,1,,1,
26,6715,Vạn Kiếm Phong Thiên Quyết,1,,,,Skill5,UI/Atlas/SkillIcon/WD_Skill.prefab,Wudang_nq01,,1,13,
26,6706,Vô Ngã Vô Kiếm,1,,,,Skill2,UI/Atlas/SkillIcon/WD_Skill.prefab,WudangSkill_jx02,2,,2,
26,1013,Ngồi thiền,9,,,,BtnDazuo,UI/Atlas/SkillIcon/SkillIcon.prefab,Skill_Meditation,,,,
26,1049,Khinh Công,3,,,,SkillDodge,UI/Atlas/SkillIcon/SkillIcon.prefab,Skill_Dodge,,,,
26,6710,Thiên Địa Vô Cực,4,,,,Skill1,UI/Atlas/SkillIcon/WD_Skill.prefab,WudangSkill_jx03,3,,3,
26,6712,Tọa Vọng Vô Ngã,10,,,,Skill3,UI/Atlas/SkillIcon/WD_Skill.prefab,WudangSkill_jx04,4,,4,
26,614,Mê Tung Ảo Ảnh,20,,,,,UI/Atlas/SkillIcon/WD_Skill.prefab,Wudang_bd01,5,,5,
26,6713,Nhân Kiếm Hợp Nhất,30,,,,Skill4,UI/Atlas/SkillIcon/WD_Skill.prefab,WudangSkill_jx05,6,,6,
26,6720,Chân Võ Thất Tiệt,40,,,,,UI/Atlas/SkillIcon/WD_Skill.prefab,Wudang_bd04,7,,7,
26,6723,Cao Cấp Kiếm Pháp,50,,,,,UI/Atlas/SkillIcon/WD_Skill.prefab,Wudang_bd03,8,,8,
26,6724,Thái Nhất Chân Khí,60,,,,,UI/Atlas/SkillIcon/WD_Skill.prefab,Wudang_bd02,9,,9,
26,6728,Huyền Thiên Tâm Pháp,70,,,,,UI/Atlas/SkillIcon/WD_Skill.prefab,Wudang_bd07,10,,10,
26,644,Thái Cực Vô Ý,80,,,,,UI/Atlas/SkillIcon/WD_Skill.prefab,Wudang_bd06,11,,11,
26,6729,Thất Tinh Quyết,90,,,,,UI/Atlas/SkillIcon/WD_Skill.prefab,Wudang_bd08,12,,12,
27,6801,Tiên Quyết-Võ Uy,1,1,,,Attack,UI/Atlas/SkillIcon/LW_Skill.prefab,LongWeiSkill_01,1,,1,
27,6816,Thiên Chướng Băng Long Liệt,1,,,,Skill5,UI/Atlas/SkillIcon/LW_Skill.prefab,LongWei_nq01,,1,13,
27,6806,Thiên Long Bài Vĩ,1,,,,Skill2,UI/Atlas/SkillIcon/LW_Skill.prefab,LongWeiSkill_02,2,,2,
27,1013,Ngồi thiền,9,,,,BtnDazuo,UI/Atlas/SkillIcon/SkillIcon.prefab,Skill_Meditation,,,,
27,3530,Khinh Công,3,,,,SkillDodge,UI/Atlas/SkillIcon/SkillIcon.prefab,Skill_Dodge,,,,
27,6807,Dẫn Càn Khôn,4,,,,Skill1,UI/Atlas/SkillIcon/LW_Skill.prefab,LongWeiSkill_03,3,,3,
27,6812,Long Dược Tử Uyên,10,,,,Skill3,UI/Atlas/SkillIcon/LW_Skill.prefab,LongWeiSkill_04,4,,4,
27,6819,Long Uy Tâm Pháp,20,,,,,UI/Atlas/SkillIcon/LW_Skill.prefab,LongWei_bd01,5,,5,
27,6815,Liệt Hồng,30,,,,Skill4,UI/Atlas/SkillIcon/LW_Skill.prefab,LongWeiSkill_05,6,,6,
27,6820,Thất Bộ Vẫn,40,,,,,UI/Atlas/SkillIcon/LW_Skill.prefab,LongWei_bd02,7,,7,
27,6823,Tiên Quyết-Cao,50,,,,,UI/Atlas/SkillIcon/LW_Skill.prefab,LongWei_bd03,8,,8,
27,6824,Phọc Ma Sách,60,,,,,UI/Atlas/SkillIcon/LW_Skill.prefab,LongWei_bd04,9,,9,
27,6827,Dẫn Long Huyết,70,,,,,UI/Atlas/SkillIcon/LW_Skill.prefab,LongWei_bd05,10,,10,
27,6830,Thần Uy Quyết,80,,,,,UI/Atlas/SkillIcon/LW_Skill.prefab,LongWei_bd06,11,,11,
27,6831,Định Thiên Quân,90,,,,,UI/Atlas/SkillIcon/LW_Skill.prefab,LongWei_bd07,12,,12,
27,6808,Dẫn Càn Khôn,9999,,,,Skill1,UI/Atlas/SkillIcon/LW_Skill.prefab,LongWeiSkill_03,,,,6809
28,6901,Nga Mi Kiếm Pháp,1,1,,,Attack,UI/Atlas/SkillIcon/EM_Skill.prefab,EmeiSkill_01,1,,1,
28,346,Băng Phách Hồng Liên Kiếp,1,,,,Skill5,UI/Atlas/SkillIcon/EM_Skill.prefab,Emei_nq01,,1,13,
28,6906,Giang Hải Ngưng Ba,1,,,,Skill2,UI/Atlas/SkillIcon/EM_Skill.prefab,EmeiSkill_04,2,,2,
28,1013,Ngồi thiền,9,,,,BtnDazuo,UI/Atlas/SkillIcon/SkillIcon.prefab,Skill_Meditation,,,,
28,1046,Khinh Công,3,,,,SkillDodge,UI/Atlas/SkillIcon/SkillIcon.prefab,Skill_Dodge,,,,
28,6908,Thiên Vũ Bảo Luân,4,,,,Skill1,UI/Atlas/SkillIcon/EM_Skill.prefab,EmeiSkill_05,3,,3,
28,6910,Bạch Lộ Ngưng Sương,10,,,,Skill3,UI/Atlas/SkillIcon/EM_Skill.prefab,EmeiSkill_03,4,,4,
28,309,Kiếm Tâm Thông Minh,20,,,,,UI/Atlas/SkillIcon/EM_Skill.prefab,Emei_bd01,5,,5,
28,6916,Cửu Âm Bạch Cốt Trảo,30,,,,Skill4,UI/Atlas/SkillIcon/EM_Skill.prefab,EmeiSkill_jx04,6,,6,
28,6920,Băng Tâm Vân Thường,40,,,,,UI/Atlas/SkillIcon/EM_Skill.prefab,Emei_bd07,7,,7,
28,6924,Tiến Cấp Kiếm Pháp,50,,,,,UI/Atlas/SkillIcon/EM_Skill.prefab,Emei_bd05,8,,8,
28,6925,Phật Tâm Từ Hựu,60,,,,,UI/Atlas/SkillIcon/EM_Skill.prefab,Emei_bd02,9,,9,
28,6927,Miên Lý Tàng Châm,70,,,,,UI/Atlas/SkillIcon/EM_Skill.prefab,Emei_bd06,10,,10,
28,343,Phật Pháp Vô Biên,80,,,,,UI/Atlas/SkillIcon/EM_Skill.prefab,Emei_bd03,11,,11,
28,6929,Thanh Tâm Phổ Thiện,90,,,,,UI/Atlas/SkillIcon/EM_Skill.prefab,Emei_bd08,12,,12,
29,7001,Tiêu Dao Thương Pháp,1,1,,,Attack,UI/Atlas/SkillIcon/XY_Skill.prefab,XiaoyaoSkill_01,1,,1,
29,527,Hoàn Vũ Tiêu Dao Du,1,,,,Skill5,UI/Atlas/SkillIcon/XY_Skill.prefab,Xiaoyao_nq01,,1,13,
29,7006,Bạch Hồng Quán Nhật,1,,,,Skill2,UI/Atlas/SkillIcon/XY_Skill.prefab,XiaoyaoSkill_04,2,,2,
29,1013,Ngồi thiền,9,,,,BtnDazuo,UI/Atlas/SkillIcon/SkillIcon.prefab,Skill_Meditation,,,,
29,1048,Khinh Công,3,,,,SkillDodge,UI/Atlas/SkillIcon/SkillIcon.prefab,Skill_Dodge,,,,
29,7008,Thất Thám Xà Bàn,4,,,,Skill1,UI/Atlas/SkillIcon/XY_Skill.prefab,XiaoyaoSkill_03,3,,3,
29,7013,Đẩu Chuyển Tinh Di,10,,,,Skill3,UI/Atlas/SkillIcon/XY_Skill.prefab,XiaoyaoSkill_02,4,,4,
29,509,Tiểu Vô Tướng Công,20,,,,,UI/Atlas/SkillIcon/XY_Skill.prefab,Xiaoyao_bd01,5,,5,
29,7015,Phong Quyển Tàn Vân,30,,,,Skill4,UI/Atlas/SkillIcon/XY_Skill.prefab,XiaoyaoSkill_05,6,,6,
29,7017,Tam Nguyên Quy Nhất,40,,,,,UI/Atlas/SkillIcon/XY_Skill.prefab,Xiaoyao_bd07,7,,7,
29,7020,Tiến Cấp Thương Pháp,50,,,,,UI/Atlas/SkillIcon/XY_Skill.prefab,Xiaoyao_bd05,8,,8,
29,516,Lăng Ba Vi Bộ,60,,,,,UI/Atlas/SkillIcon/XY_Skill.prefab,Xiaoyao_bd06,9,,9,
29,541,Tiêu Dao Ngự Phong,70,,,,,UI/Atlas/SkillIcon/XY_Skill.prefab,Xiaoyao_bd02,10,,10,
29,543,Duy Ngã Độc Tôn,80,,,,,UI/Atlas/SkillIcon/XY_Skill.prefab,Xiaoyao_bd03,11,,11,
29,7021,Bi Tô Thanh Phong,90,,,,,UI/Atlas/SkillIcon/XY_Skill.prefab,Xiaoyao_bd08,12,,12,
30,7101,Hội Mộng Họa Ý,1,1,,,Attack,UI/Atlas/SkillIcon/HM_Skill.prefab,HuiMengSkill_01,1,,1,
30,7121,Vạn Linh Lâm Mộng Yểm,1,,,,Skill5,UI/Atlas/SkillIcon/HM_Skill.prefab,HuiMeng_nq01,,1,13,
30,7106,Nguyên Dẫn Sinh Huy,1,,,,Skill2,UI/Atlas/SkillIcon/HM_Skill.prefab,HuiMengSkill_02,2,,2,
30,1013,Ngồi thiền,9,,,,BtnDazuo,UI/Atlas/SkillIcon/SkillIcon.prefab,Skill_Meditation,,,,
30,3441,Khinh Công,3,,,,SkillDodge,UI/Atlas/SkillIcon/SkillIcon.prefab,Skill_Dodge,,,,
30,7108,Kinh Hồng Lược Ảnh,4,,,,Skill1,UI/Atlas/SkillIcon/HM_Skill.prefab,HuiMengSkill_03,3,,3,
30,7109,Hàn Phong Phá Nguyệt,10,,,,Skill3,UI/Atlas/SkillIcon/HM_Skill.prefab,HuiMengSkill_04,4,,4,
30,7123,Hội Mộng Tâm Pháp,20,,,,,UI/Atlas/SkillIcon/HM_Skill.prefab,HuiMeng_bd01,5,,5,
30,7112,Triều Tịch Hội Mộng,30,,,,Skill4,UI/Atlas/SkillIcon/HM_Skill.prefab,HuiMengSkill_05,6,,6,
30,7124,Hóa Vũ Đồng Châu,40,,,,,UI/Atlas/SkillIcon/HM_Skill.prefab,HuiMeng_bd02,7,,7,
30,7127,Họa Ý-Cao,50,,,,,UI/Atlas/SkillIcon/HM_Skill.prefab,HuiMeng_bd03,8,,8,
30,7128,Ngân Quang Chiếu Tuyết,60,,,,,UI/Atlas/SkillIcon/HM_Skill.prefab,HuiMeng_bd04,9,,9,
30,7131,Linh Mị Hoàn Sinh,70,,,,,UI/Atlas/SkillIcon/HM_Skill.prefab,HuiMeng_bd05,10,,10,
30,7134,Mộng Ngữ Quyết,80,,,,,UI/Atlas/SkillIcon/HM_Skill.prefab,HuiMeng_bd06,11,,11,
30,7135,Trần Sương Nhiễm,90,,,,,UI/Atlas/SkillIcon/HM_Skill.prefab,HuiMeng_bd07,12,,12,
31,7301,Thiên Nhẫn Thích Sát Thuật,1,1,,,Attack,UI/Atlas/SkillIcon/TR_Skill.prefab,TianrenSkill_01,1,,1,
31,7340,Thiên Ma Ảnh Ảo Sát,1,,,,Skill5,UI/Atlas/SkillIcon/TR_Skill.prefab,Tianren_nq01,,1,13,
31,7308,Tử Vong Hồi Toàn,1,,,,Skill2,UI/Atlas/SkillIcon/TR_Skill.prefab,TianrenSkill_03,2,,2,
31,1013,Ngồi thiền,9,,,,BtnDazuo,UI/Atlas/SkillIcon/SkillIcon.prefab,Skill_Meditation,,,,
31,1050,Khinh Công,3,,,,SkillDodge,UI/Atlas/SkillIcon/SkillIcon.prefab,Skill_Dodge,,,,
31,7305,Ma Diệm Tại Thiên,4,,,,Skill1,UI/Atlas/SkillIcon/TR_Skill.prefab,TianrenSkill_02,3,,3,
31,7311,Huyết Nguyệt Ảnh,10,,,,Skill3,UI/Atlas/SkillIcon/TR_Skill.prefab,TianrenSkill_04,4,,4,
31,7321,Ảo Ảnh Phi Hồ,20,,,,,UI/Atlas/SkillIcon/TR_Skill.prefab,Tianren_bd01,5,,5,
31,7322,Luyện Ngục Đoạt Phách,30,,,,Skill4,UI/Atlas/SkillIcon/TR_Skill.prefab,TianRenSkill_jx02,6,,6,
31,7342,Ma Diệm Thất Sát,40,,,,,UI/Atlas/SkillIcon/TR_Skill.prefab,Tianren_bd02,7,,7,
31,7328,Cao Cấp Thích Sát Thuật,50,,,,,UI/Atlas/SkillIcon/TR_Skill.prefab,Tianren_bd03,8,,8,
31,7345,Phá Toái Hư Không,60,,,,,UI/Atlas/SkillIcon/TR_Skill.prefab,Tianren_bd05,9,,9,
31,7336,Thánh Hỏa Phần Tâm,70,,,,,UI/Atlas/SkillIcon/TR_Skill.prefab,Tianren_bd06,10,,10,
31,7348,Thiên Ma Giải Thể,80,,,,,UI/Atlas/SkillIcon/TR_Skill.prefab,Tianren_bd07,11,,11,
31,7370,Phi Hồng Vô Tích,90,,,,,UI/Atlas/SkillIcon/TR_Skill.prefab,Tianren_bd08,12,,12,
32,7401,Tàng Kiếm Kiếm Pháp,1,1,,,Attack,UI/Atlas/SkillIcon/CJ_Skill.prefab,CangjianSkill_01,1,,1,
32,7433,Vân Phi Ngọc Hoàng Trảm,1,,,,Skill5,UI/Atlas/SkillIcon/CJ_Skill.prefab,Cangjian_nq01,,1,13,
32,7406,Đoạn Triều,1,,,,Skill2,UI/Atlas/SkillIcon/CJ_Skill.prefab,CangjianSkill_03,2,,2,
32,1013,Ngồi thiền,9,,,,BtnDazuo,UI/Atlas/SkillIcon/SkillIcon.prefab,Skill_Meditation,,,,
32,3530,Khinh Công,3,,,,SkillDodge,UI/Atlas/SkillIcon/SkillIcon.prefab,Skill_Dodge,,,,
32,7410,Tâm Kiếm,4,,,,Skill1,UI/Atlas/SkillIcon/CJ_Skill.prefab,CangjianSkill_05,3,,3,
32,7408,Ngọc Tuyền Ngư Dược,10,,,,Skill3,UI/Atlas/SkillIcon/CJ_Skill.prefab,CangjianSkill_04,4,,4,
32,7412,Kinh Đào,20,,,,,UI/Atlas/SkillIcon/CJ_Skill.prefab,Cangjian_bd01,5,,5,
32,7413,Phong Tháp Vân Cảnh,30,,,,Skill4,UI/Atlas/SkillIcon/CJ_Skill.prefab,CangjianSkill_02,6,,6,
32,7417,Hạc Quy Cô Sơn,40,,,,,UI/Atlas/SkillIcon/CJ_Skill.prefab,Cangjian_bd02,7,,7,
32,7420,Cao Cấp Kiếm Pháp,50,,,,,UI/Atlas/SkillIcon/CJ_Skill.prefab,Cangjian_bd03,8,,8,
32,7422,Ánh Ba Tỏa Lan,60,,,,,UI/Atlas/SkillIcon/CJ_Skill.prefab,Cangjian_bd04,9,,9,
32,7424,Vân Thê Tùng,70,,,,,UI/Atlas/SkillIcon/CJ_Skill.prefab,Cangjian_bd05,10,,10,
32,7427,Phong Lai Ngô Sơn,80,,,,,UI/Atlas/SkillIcon/CJ_Skill.prefab,Cangjian_bd06,11,,11,
32,7428,Hoàng Long Thổ Thúy,90,,,,,UI/Atlas/SkillIcon/CJ_Skill.prefab,Cangjian_bd07,12,,12,
33,7601,Thiên Sơn Cầm Khúc,1,1,,,Attack,UI/Atlas/SkillIcon/TS_Skill.prefab,TianshanSkill_01,1,,1,
33,7616,Thiên Âm Trấn Hồn Khúc,1,,,,Skill5,UI/Atlas/SkillIcon/TS_Skill.prefab,Tianshan_nq01,,1,13,
33,7606,Phi Yến Lăng Ba,1,,,,Skill2,UI/Atlas/SkillIcon/TS_Skill.prefab,TianshanSkill_02,2,,2,
33,1013,Ngồi thiền,9,,,,BtnDazuo,UI/Atlas/SkillIcon/SkillIcon.prefab,Skill_Meditation,,,,
33,1081,Khinh Công,3,,,,SkillDodge,UI/Atlas/SkillIcon/SkillIcon.prefab,Skill_Dodge,,,,
33,7608,Ngân Bình Ngọc Toái,4,,,,Skill1,UI/Atlas/SkillIcon/TS_Skill.prefab,TianshanSkill_03,3,,3,
33,7611,Không Sơn Ngưng Vân,10,,,,Skill3,UI/Atlas/SkillIcon/TS_Skill.prefab,TianshanSkill_04,4,,4,
33,7612,Song Đạn Như Nhất,20,,,,,UI/Atlas/SkillIcon/TS_Skill.prefab,Tianshan_bd01,5,,5,
33,7613,Thủy Long Ngâm,30,,,,Skill4,UI/Atlas/SkillIcon/TS_Skill.prefab,TianshanSkill_05,6,,6,
33,7619,Phượng Thê Ngô Đồng,40,,,,,UI/Atlas/SkillIcon/TS_Skill.prefab,Tianshan_bd03,7,,7,
33,7622,Xuy Vân Kình,50,,,,,UI/Atlas/SkillIcon/TS_Skill.prefab,Tianshan_bd02,8,,8,
33,7624,Thủy Mộ Thiên Hoa,60,,,,,UI/Atlas/SkillIcon/TS_Skill.prefab,Tianshan_bd04,9,,9,
33,7626,Nghịch Thủy Hàn,70,,,,,UI/Atlas/SkillIcon/TS_Skill.prefab,Tianshan_bd07,10,,10,
33,7629,Kiếm Đảm Cầm Tâm,80,,,,,UI/Atlas/SkillIcon/TS_Skill.prefab,Tianshan_bd06,11,,11,
33,7634,Cầm Sắt Hòa Minh,90,,,,,UI/Atlas/SkillIcon/TS_Skill.prefab,Tianshan_bd05,12,,12,
34,7701,Thiên Tâm Phù Lục,1,1,,,Attack,UI/Atlas/SkillIcon/TX_Skill.prefab,TianXinSkill_01,1,,1,
34,7718,Cửu Tiêu Thần Phạt Dẫn ,1,,,,Skill5,UI/Atlas/SkillIcon/TX_Skill.prefab,TianXin_nq01,,1,13,
34,7708,Chân Văn Vân Triện,1,,,,Skill2,UI/Atlas/SkillIcon/TX_Skill.prefab,TianXinSkill_02,2,,2,
34,1013,Ngồi thiền,9,,,,BtnDazuo,UI/Atlas/SkillIcon/SkillIcon.prefab,Skill_Meditation,,,,
34,1081,Khinh Công,3,,,,SkillDodge,UI/Atlas/SkillIcon/SkillIcon.prefab,Skill_Dodge,,,,
34,7706,Ngũ Hi Tráo Đỉnh,4,,,,Skill1,UI/Atlas/SkillIcon/TX_Skill.prefab,TianXinSkill_03,3,,3,
34,7710,Đài Tinh Hộ Thân,10,,,,Skill3,UI/Atlas/SkillIcon/TX_Skill.prefab,TianXinSkill_04,4,,4,
34,7720,Thiên Tâm Tâm Pháp,20,,,,,UI/Atlas/SkillIcon/TX_Skill.prefab,TianXin_bd01,5,,5,
34,7713,Thái Huyền Tịnh Thiên,30,,,,Skill4,UI/Atlas/SkillIcon/TX_Skill.prefab,TianXinSkill_05,6,,6,
34,7721,Kim Quang Chú,40,,,,,UI/Atlas/SkillIcon/TX_Skill.prefab,TianXin_bd02,7,,7,
34,7725,Thái Huyền Kinh,50,,,,,UI/Atlas/SkillIcon/TX_Skill.prefab,TianXin_bd03,8,,8,
34,7726,Phúc Hộ Ngô Thân,60,,,,,UI/Atlas/SkillIcon/TX_Skill.prefab,TianXin_bd04,9,,9,
34,7729,Duy Đạo Độc Tôn,70,,,,,UI/Atlas/SkillIcon/TX_Skill.prefab,TianXin_bd05,10,,10,
34,7731,Thị Vệ Ngã Chân,80,,,,,UI/Atlas/SkillIcon/TX_Skill.prefab,TianXin_bd06,11,,11,
34,7732,Đạo Hi Trường Tồn,90,,,,,UI/Atlas/SkillIcon/TX_Skill.prefab,TianXin_bd07,12,,12,
35,7901,Côn Lôn Kiếm Pháp,1,1,,,Attack,UI/Atlas/SkillIcon/KL_Skill.prefab,KunlunSkill_01,1,,1,
35,7928,Côn Hư Trụy Vô Phong,1,,,,Skill5,UI/Atlas/SkillIcon/KL_Skill.prefab,Kunlun_nq01,,1,13,
35,7906,Tiên Nhân Chỉ Lộ,1,,,,Skill2,UI/Atlas/SkillIcon/KL_Skill.prefab,KunlunSkill_02,2,,2,
35,1013,Ngồi thiền,9,,,,BtnDazuo,UI/Atlas/SkillIcon/SkillIcon.prefab,Skill_Meditation,,,,
35,3441,Khinh Công,3,,,,SkillDodge,UI/Atlas/SkillIcon/SkillIcon.prefab,Skill_Dodge,,,,
35,7910,Khiếu Phong Tam Liên Kích,4,,,,Skill1,UI/Atlas/SkillIcon/KL_Skill.prefab,Kunlun_bd04,3,,3,
35,7908,Hỗn Độn Kiếm Trận,10,,,,Skill3,UI/Atlas/SkillIcon/KL_Skill.prefab,KunLunSkill_jx03,4,,4,
35,7911,Túy Tiên Thác Cốt,20,,,,,UI/Atlas/SkillIcon/KL_Skill.prefab,Kunlun_bd06,5,,5,
35,7912,Lôi Động Cửu Thiên,30,,,,Skill4,UI/Atlas/SkillIcon/KL_Skill.prefab,KunLunSkill_jx04,6,,6,
35,7915,Ngự Phong Hành,40,,,,,UI/Atlas/SkillIcon/KL_Skill.prefab,Kunlun_bd05,7,,7,
35,7916,Cao Cấp Kiếm Pháp,50,,,,,UI/Atlas/SkillIcon/KL_Skill.prefab,Kunlun_bd01,8,,8,
35,7918,Hỗn Nguyên Càn Khôn,60,,,,,UI/Atlas/SkillIcon/KL_Skill.prefab,Kunlun_bd02,9,,9,
35,7930,Nhất Khí Tam Thanh,70,,,,,UI/Atlas/SkillIcon/KL_Skill.prefab,Kunlun_bd07,10,,10,
35,7924,Sương Ngạo Côn Lôn,80,,,,,UI/Atlas/SkillIcon/KL_Skill.prefab,Kunlun_bd03,11,,11,
35,7952,Thiên Thanh Địa Trọc,90,,,,,UI/Atlas/SkillIcon/KL_Skill.prefab,Kunlun_bd08,12,,12,
36,8201,Đường Môn Ám Khí,1,1,,,Attack,UI/Atlas/SkillIcon/TM_Skill.prefab,TangmenSkill_01,1,,1,
36,8232,Thiên Cơ Khổng Tước Linh,1,,,,Skill5,UI/Atlas/SkillIcon/TM_Skill.prefab,Tangmen_nq01,,1,13,
36,8206,Triền Thân Thích,1,,,,Skill2,UI/Atlas/SkillIcon/TM_Skill.prefab,TangmenSkill_02,2,,2,
36,1013,Ngồi thiền,9,,,,BtnDazuo,UI/Atlas/SkillIcon/SkillIcon.prefab,Skill_Meditation,,,,
36,3433,Khinh Công,3,,,,SkillDodge,UI/Atlas/SkillIcon/SkillIcon.prefab,Skill_Dodge,,,,
36,8208,Bạo Vũ Lê Hoa,4,,,,Skill1,UI/Atlas/SkillIcon/TM_Skill.prefab,TangmenSkill_03,3,,3,
36,8210,Mê Ảnh Tung,10,,,,Skill3,UI/Atlas/SkillIcon/TM_Skill.prefab,Tangmen_bd03,4,,4,
36,8211,Tâm Phách,20,,,,,UI/Atlas/SkillIcon/TM_Skill.prefab,Tangmen_bd05,5,,5,
36,8212,Cửu Cung Phi Tinh,30,,,,Skill4,UI/Atlas/SkillIcon/TM_Skill.prefab,TangmenSkill_04,6,,6,
36,8215,Tôi Độc Thuật,40,,,,,UI/Atlas/SkillIcon/TM_Skill.prefab,Tangmen_bd01,7,,7,
36,8217,Cao Cấp Ám Khí,50,,,,,UI/Atlas/SkillIcon/TM_Skill.prefab,Tangmen_bd02,8,,8,
36,8219,Tâm Nhãn,60,,,,,UI/Atlas/SkillIcon/TM_Skill.prefab,Tangmen_bd06,9,,9,
36,8227,Di Hình Hoán Ảnh,70,,,,,UI/Atlas/SkillIcon/TM_Skill.prefab,Tangmen_bd07,10,,10,
36,8224,Tâm Ma,80,,,,,UI/Atlas/SkillIcon/TM_Skill.prefab,Tangmen_bd04,11,,11,
36,8260,Truy Tinh Trục Điện,90,,,,,UI/Atlas/SkillIcon/TM_Skill.prefab,Tangmen_bd08,12,,12,
37,8301,Trảm Liệt Đao Pháp,1,1,,,Attack,UI/Atlas/SkillIcon/ZL_Skill.prefab,ZhanLieSkill_01,1,,1,
37,8326,Phần Thế Tần Bát Hoang,1,,,,Skill5,UI/Atlas/SkillIcon/ZL_Skill.prefab,ZhanLie_nq01,,1,13,
37,8307,Đao Trấn Tứ Hải,1,,,,Skill2,UI/Atlas/SkillIcon/ZL_Skill.prefab,ZhanLieSkill_03,2,,2,
37,1013,Ngồi thiền,9,,,,BtnDazuo,UI/Atlas/SkillIcon/SkillIcon.prefab,Skill_Meditation,,,,
37,3433,Khinh Công,3,,,,SkillDodge,UI/Atlas/SkillIcon/SkillIcon.prefab,Skill_Dodge,,,,
37,8305,Lưu Tinh Hãn Nguyệt,4,,,,Skill1,UI/Atlas/SkillIcon/ZL_Skill.prefab,ZhanLieSkill_02,3,,3,
37,8308,Cuồng Long Quy Uyên,10,,,,Skill3,UI/Atlas/SkillIcon/ZL_Skill.prefab,ZhanLieSkill_04,4,,4,
37,8310,Trảm Liệt Tâm Pháp,20,,,,,UI/Atlas/SkillIcon/ZL_Skill.prefab,ZhanLie_bd01,5,,5,
37,8311,Nghịch Chuyển Càn Khôn,30,,,,Skill4,UI/Atlas/SkillIcon/ZL_Skill.prefab,ZhanLieSkill_05,6,,6,
37,8313,Dũng Võ Ý,40,,,,,UI/Atlas/SkillIcon/ZL_Skill.prefab,ZhanLie_bd03,7,,7,
37,8316,Cao Cấp Đao Pháp,50,,,,,UI/Atlas/SkillIcon/ZL_Skill.prefab,ZhanLie_bd02,8,,8,
37,8318,Bẫy Dữ Đoạt Cờ,60,,,,,UI/Atlas/SkillIcon/ZL_Skill.prefab,ZhanLie_bd04,9,,9,
37,8321,Trúc Phần Bất Cải,70,,,,,UI/Atlas/SkillIcon/ZL_Skill.prefab,ZhanLie_bd05,10,,10,
37,8323,Phúc Quân Sát Tướng,80,,,,,UI/Atlas/SkillIcon/ZL_Skill.prefab,ZhanLie_bd06,11,,11,
37,8324,Võ Thần Tại Thế,90,,,,,UI/Atlas/SkillIcon/ZL_Skill.prefab,ZhanLie_bd07,12,,12,
38,8401,Thiên Vương Chùy Pháp,1,1,,,Attack,UI/Atlas/SkillIcon/TW_Skill.prefab,TianwangSkill_01,1,,1,
38,8414,Nhật Nguyệt Sơn Hà Toái,1,,,,Skill5,UI/Atlas/SkillIcon/TW_Skill.prefab,Tianwang_nq01,,1,13,
38,8406,Nhất Kích Sát Thần,1,,,,Skill2,UI/Atlas/SkillIcon/TW_Skill.prefab,TianwangSkill_02,2,,2,
38,1013,Ngồi thiền,9,,,,BtnDazuo,UI/Atlas/SkillIcon/SkillIcon.prefab,Skill_Meditation,,,,
38,1045,Khinh Công,3,,,,SkillDodge,UI/Atlas/SkillIcon/SkillIcon.prefab,Skill_Dodge,,,,
38,8410,Huyết Chiến Bát Phương,4,,,,Skill1,UI/Atlas/SkillIcon/TW_Skill.prefab,TianwangSkill_04,3,,3,
38,8413,Kim Chung Tráo,10,,,,Skill3,UI/Atlas/SkillIcon/TW_Skill.prefab,TianwangSkill_03,4,,4,
38,8409,Thiên Vương Chiến Ý,20,,,,,UI/Atlas/SkillIcon/TW_Skill.prefab,Tianwang_bd01,5,,5,
38,8408,Bá Vương Nộ Hống,30,,,,Skill4,UI/Atlas/SkillIcon/TW_Skill.prefab,TianwangSkill_jx05,6,,6,
38,8424,Nhất Kỵ Đương Thiên,40,,,,,UI/Atlas/SkillIcon/TW_Skill.prefab,Tianwang_bd07,7,,7,
38,8429,Tiến Cấp Chùy Pháp,50,,,,,UI/Atlas/SkillIcon/TW_Skill.prefab,Tianwang_bd05,8,,8,
38,8440,Kinh Lôi Phá Thiên,60,,,,,UI/Atlas/SkillIcon/TW_Skill.prefab,Tianwang_bd08,9,,9,
38,8418,Phá Phủ Trầm Châu,70,,,,,UI/Atlas/SkillIcon/TW_Skill.prefab,Tianwang_bd03,10,,10,
38,8442,Thiên Vương Bản Sinh,80,,,,,UI/Atlas/SkillIcon/TW_Skill.prefab,Tianwang_bd04,11,,11,
38,8446,Khí Cái Bát Hoang,90,,,,,UI/Atlas/SkillIcon/TW_Skill.prefab,Tianwang_bd09,12,,12,
39,8601,Đào Hoa Tiễn Thuật,1,1,,,Attack,UI/Atlas/SkillIcon/TH_Skill.prefab,TaohuaSkill_01,1,,1,
39,8627,Lạc Hoa Phần Tinh Diệm,1,,,,Skill5,UI/Atlas/SkillIcon/TH_Skill.prefab,Taohua_nq01,,1,13,
39,8607,Phi Hỏa Lưu Tinh,1,,,,Skill2,UI/Atlas/SkillIcon/TH_Skill.prefab,TaohuaSkill_03,2,,2,
39,1013,Ngồi thiền,9,,,,BtnDazuo,UI/Atlas/SkillIcon/SkillIcon.prefab,Skill_Meditation,,,,
39,1047,Khinh Công,3,,,,SkillDodge,UI/Atlas/SkillIcon/SkillIcon.prefab,Skill_Dodge,,,,
39,8610,Cửu Diệu Liên Châu,4,,,,Skill1,UI/Atlas/SkillIcon/TH_Skill.prefab,TaohuaSkill_04,3,,3,
39,8606,Hỏa Phượng Liêu Nguyên,10,,,,Skill3,UI/Atlas/SkillIcon/TH_Skill.prefab,TaohuaSkill_02,4,,4,
39,8609,Lưu Phong Hồi Tuyết,20,,,,,UI/Atlas/SkillIcon/TH_Skill.prefab,Taohua_bd01,5,,5,
39,8612,Liệt Hỏa Phong Toại,30,,,,Skill4,UI/Atlas/SkillIcon/TH_Skill.prefab,TaohuaSkill_jx05,6,,6,
39,8643,Nghịch Chuyển Cửu Âm,40,,,,,UI/Atlas/SkillIcon/TH_Skill.prefab,Taohua_bd03,7,,7,
39,8620,Bách Bộ Xuyên Dương,50,,,,,UI/Atlas/SkillIcon/TH_Skill.prefab,Taohua_bd05,8,,8,
39,8641,Khinh Vân Tế Nguyệt,60,,,,,UI/Atlas/SkillIcon/TH_Skill.prefab,Taohua_bd04,9,,9,
39,8625,Dục Hỏa Trùng Sinh,70,,,,,UI/Atlas/SkillIcon/TH_Skill.prefab,Taohua_bd07,10,,10,
39,8642,Phượng Vũ Nghê Thường,80,,,,,UI/Atlas/SkillIcon/TH_Skill.prefab,Taohua_bd02,11,,11,
39,8662,Nguyệt Lạc Tinh Trầm,90,,,,,UI/Atlas/SkillIcon/TH_Skill.prefab,Taohua_bd08,12,,12,
40,8701,Cô Hồng Đao Pháp,1,1,,,Attack,UI/Atlas/SkillIcon/GH_Skill.prefab,GuhongSkill_01,1,,1,
40,8750,Kinh Hồng Du Long Trảm ,1,,,,Skill5,UI/Atlas/SkillIcon/GH_Skill.prefab,Guhong_nq01,,1,13,
40,8705,Trường Hà Đoạn Nguyệt ,1,,,,Skill2,UI/Atlas/SkillIcon/GH_Skill.prefab,GuhongSkill_02,2,,2,
40,8706,Trường Hà Đoạn Nguyệt ,9999,,,,Skill2,UI/Atlas/SkillIcon/GH_Skill.prefab,GuhongSkill_02_g,,,,8709
40,1013,Ngồi thiền,9,,,,BtnDazuo,UI/Atlas/SkillIcon/SkillIcon.prefab,Skill_Meditation,,,,
40,1049,Khinh Công,3,,,,SkillDodge,UI/Atlas/SkillIcon/SkillIcon.prefab,Skill_Dodge,,,,
40,8710,Hắc Phong Quyển Kỳ ,4,,,,Skill1,UI/Atlas/SkillIcon/GH_Skill.prefab,GuhongSkill_03,3,,3,
40,8712,Cô Hồng Lược Ảnh,10,,,,Skill3,UI/Atlas/SkillIcon/GH_Skill.prefab,GuhongSkill_04,4,,4,
40,8716,Dương Quan Tam Điệp,20,,,,,UI/Atlas/SkillIcon/GH_Skill.prefab,Guhong_bd01,5,,5,
40,8720,Tây Xuất Ngọc Môn ,30,,,,Skill4,UI/Atlas/SkillIcon/GH_Skill.prefab,GuhongSkill_05,6,,6,
40,8740,Hàm Hoàn Kình,40,,,,,UI/Atlas/SkillIcon/GH_Skill.prefab,Guhong_bd02,7,,7,
40,8742,Tiến Cấp Đao Pháp,50,,,,,UI/Atlas/SkillIcon/GH_Skill.prefab,Guhong_bd03,8,,8,
40,8743,Quy Hồng Ý ,60,,,,,UI/Atlas/SkillIcon/GH_Skill.prefab,Guhong_bd04,9,,9,
40,8745,Quan Sơn Độ ,70,,,,,UI/Atlas/SkillIcon/GH_Skill.prefab,Guhong_bd05,10,,10,
40,8747,Hoàng Hà Bách Chiến ,80,,,,,UI/Atlas/SkillIcon/GH_Skill.prefab,Guhong_bd06,11,,11,
40,8748,Cô Thành Bế,90,,,,,UI/Atlas/SkillIcon/GH_Skill.prefab,Guhong_bd07,12,,12,
41,9001,Thúy Yên Ngự Tản Quyết,1,1,,,Attack,UI/Atlas/SkillIcon/CY_Skill.prefab,CuiyanSkill_01,1,,1,
41,837,Sương Thiên Bách Hoa Tán,1,,,,Skill5,UI/Atlas/SkillIcon/CY_Skill.prefab,Cuiyan_nq01,,1,13,
41,9006,Băng Tung Vô Ảnh,1,,,,Skill2,UI/Atlas/SkillIcon/CY_Skill.prefab,CuiyanSkill_05,2,,2,
41,1013,Ngồi thiền,9,,,,BtnDazuo,UI/Atlas/SkillIcon/SkillIcon.prefab,Skill_Meditation,,,,
41,1081,Khinh Công,3,,,,SkillDodge,UI/Atlas/SkillIcon/SkillIcon.prefab,Skill_Dodge,,,,
41,9010,Vũ Đả Lê Hoa,4,,,,Skill1,UI/Atlas/SkillIcon/CY_Skill.prefab,CuiYanSkill_jx03,3,,3,
41,9015,Triệu Hồi Bảo Bảo,10,,,,Skill3,UI/Atlas/SkillIcon/CY_Skill.prefab,CuiyanSkill_04,4,,4,
41,9027,Băng Tâm Sảnh Ảnh,20,,,,,UI/Atlas/SkillIcon/CY_Skill.prefab,Cuiyan_bd01,5,,5,
41,9028,Tuyền Cơ La Vũ,30,,,,Skill4,UI/Atlas/SkillIcon/CY_Skill.prefab,CuiYanSkill_jx05,6,,6,
41,9033,Tuyết Ảnh,40,,,,,UI/Atlas/SkillIcon/CY_Skill.prefab,Cuiyan_bd02,7,,7,
41,9035,Cao Cấp Ngự Tản Quyết,50,,,,,UI/Atlas/SkillIcon/CY_Skill.prefab,Cuiyan_bd03,8,,8,
41,9036,Hộ Thể Hàn Băng,60,,,,,UI/Atlas/SkillIcon/CY_Skill.prefab,Cuiyan_bd04,9,,9,
41,9037,Băng Cơ Ngọc Cốt,70,,,,,UI/Atlas/SkillIcon/CY_Skill.prefab,Cuiyan_bd05,10,,10,
41,9040,Băng Cốt Tuyết Tâm,80,,,,,UI/Atlas/SkillIcon/CY_Skill.prefab,Cuiyan_bd06,11,,11,
41,9041,Phù Vân Tán Tuyết,90,,,,,UI/Atlas/SkillIcon/CY_Skill.prefab,Cuiyan_bd07,12,,12,
41,9071,Triệu hồi Bảo Bảo Vũ Khí Thức Tỉnh,9999,,,,Skill3,UI/Atlas/SkillIcon/CY_Skill.prefab,CuiyanSkill_04,,,,9070
42,9201,Trường Ca Phiến Quyết,1,1,,,Attack,UI/Atlas/SkillIcon/CG_Skill.prefab,ChanggeSkill_01,1,,1,
42,4544,Nghê Thường Vũ Y Vũ,1,,,,Skill5,UI/Atlas/SkillIcon/CG_Skill.prefab,Changge_nq01,,1,13,
42,9205,Bình Sa Nhạn Lạc,1,,,,Skill2,UI/Atlas/SkillIcon/CG_Skill.prefab,ChanggeSkill_04,2,,2,
42,1013,Ngồi thiền,9,,,,BtnDazuo,UI/Atlas/SkillIcon/SkillIcon.prefab,Skill_Meditation,,,,
42,3538,Khinh Công,3,,,,SkillDodge,UI/Atlas/SkillIcon/SkillIcon.prefab,Skill_Dodge,,,,
42,9207,Vân Sinh Kết Hải,4,,,,Skill1,UI/Atlas/SkillIcon/CG_Skill.prefab,ChangGeSkill_jx03,3,,3,
42,9261,Tụ Vân Nhất Kích,9999,,,,Skill1,UI/Atlas/SkillIcon/CG_Skill.prefab,ChangGeSkill_jx03,,,,9260
42,9211,Thanh Âm Trường Khiếu,10,,,,Skill3,UI/Atlas/SkillIcon/CG_Skill.prefab,ChanggeSkill_05,4,,4,
42,4517,Thiên Âm Tri Mạch,20,,,,,UI/Atlas/SkillIcon/CG_Skill.prefab,Changge_bd01,5,,5,
42,9225,Giang Trục Nguyệt Thiên,30,,,,Skill4,UI/Atlas/SkillIcon/CG_Skill.prefab,ChanggeSkill_02,6,,6,
42,9229,Dạ Dẫn Phong Lam,40,,,,,UI/Atlas/SkillIcon/CG_Skill.prefab,Changge_bd07,7,,7,
42,9232,Cao Cấp Phiến Quyết,50,,,,,UI/Atlas/SkillIcon/CG_Skill.prefab,Changge_bd03,8,,8,
42,9233,Ma Âm Triền Nhiễu,60,,,,,UI/Atlas/SkillIcon/CG_Skill.prefab,Changge_bd05,9,,9,
42,9236,Hồi Mộng Trục Quang,70,,,,,UI/Atlas/SkillIcon/CG_Skill.prefab,Changge_bd04,10,,10,
42,4538,Ngân Chúc Thanh Vận,80,,,,,UI/Atlas/SkillIcon/CG_Skill.prefab,Changge_bd06,11,,11,
42,9240,Dương Xuân Bạch Tuyết,90,,,,,UI/Atlas/SkillIcon/CG_Skill.prefab,Changge_bd02,12,,12,
