Type,Scale,Alpha,Offset,Angle,Color,OutlineColor,OutlineWidth,FontSize,Prefix,Suffix
None,"0,1 0.1,1.5 0.2,1.5 0.8,1 1,1","0,1 0.4,1 0.8,0","0,10 0.1,80 0.3,80 0.8,190","0,90 1,90 2,90",#FFFFFF,#000000,0.24,3.6,"",""
HIT_NORMAL,"0,1 0.1,1.5 0.2,1.5 0.8,1 1,1","0,1 0.4,1 0.8,0","0,10 0.1,80 0.3,80 0.8,190","0,90 1,90 2,90",#FFFFFF,#05050A,0.26,3.8,"",""
HIT_DEADLY,"0,1 0.1,1.5 0.2,1.5 0.8,1 1,1","0,1 0.4,1 0.8,0","0,10 0.1,80 0.3,80 0.8,210","0,90 1,90 2,90",#FFCC00,#330A00,0.32,4.6,"",""
HIT_MISS,"0,0 0.5,1 1,1 2,1","0,0 0.5,1 1,1 1.5,0","0,50 0.5,150 1,150 2,150","0,120 1,90 2,90",#B8C4D6,#141A24,0.22,3.2,"",""
HURT_NORMAL,"0,1 0.1,1.5 0.2,1.5 0.8,1 1,1","0,1 0.4,1 0.8,0","0,10 0.1,80 0.3,80 0.8,190","0,90 1,90 2,90",#FF2E2E,#380000,0.26,3.8,"-",""
HURT_DEADLY,"0,1 0.1,1.5 0.2,1.5 0.8,1 1,1","0,1 0.4,1 0.8,0","0,10 0.1,80 0.3,80 0.8,210","0,90 1,90 2,90",#FF0D47,#2E000D,0.32,4.6,"CRIT -",""
HURT_MISS,"0,0 0.5,1 1,1 2,1","0,0 0.5,1 1,1 1.5,0","0,50 0.5,150 1,150 2,150","0,120 1,90 2,90",#40D1FF,#001E3D,0.26,3.4,"",""
TREATMENT,"0,0 0.5,1 1,1 2,1","0,0 0.5,1 1,1 2,0","0,50 0.5,150 0.8,150 2,300","0,120 1,90 2,90",#2EF273,#003314,0.26,4.0,"+",""
ADD_EXP,"0,0 0.5,1 1,1 2,1","0,0 0.5,1 1,1 2,0","0,50 0.5,150 0.8,150 2,300","0,120 1,90 2,90",#FFBD0D,#3D1F00,0.26,3.6,"+EXP ",""
VITALITY,"0.5,1 1,1 2,1 1,0","0,0.5 0.5,1 1,0","0,10 0.1,10 1,180","0,90 1,90 2,90",#B855FF,#24003D,0.24,3.4,"Thể chất +",""
STRENGTH,"0.5,1 1,1 2,1 1,0","0,0.5 0.5,1 1,0","0,10 0.1,10 1,180","0,90 1,90 2,90",#B855FF,#24003D,0.24,3.4,"Sức mạnh +",""
DEXTERITY,"0.5,1 1,1 2,1 1,0","0,0.5 0.5,1 1,0","0,10 0.1,10 1,180","0,90 1,90 2,90",#B855FF,#24003D,0.24,3.4,"Thân pháp +",""
ENERGY,"0.5,1 1,1 2,1 1,0","0,0.5 0.5,1 1,0","0,10 0,10 0.1,10 1,180","0,90 1,90 2,90",#B855FF,#24003D,0.24,3.4,"Linh hoạt +",""
HIT_MISS_IGNORE,"0,0 0.5,1 1,1 2,1","0,0 0.5,1 1,1 1.5,0","0,50 0.5,150 1,150 2,150","0,120 1,90 2,90",#E0E7FF,#141824,0.24,3.2,"",""
HURT_MISS_IGNORE,"0,0 0.5,1 1,1 2,1","0,0 0.5,1 1,1 1.5,0","0,50 0.5,150 1,150 2,150","0,120 1,90 2,90",#E0E7FF,#141824,0.24,3.2,"",""
