SoundID,Desc,Bank,Sound
1,,Ui,Play_SMS_Receive
2,Ƭͷ01,Movie,Play_CG01
3,Ƭͷ02,Movie,Play_CG02
4,ս10,Movie,Play_CG03
5,ƬͷCGЧ,Movie,Play_CG00
6,˹06,Movie,Play_CG04
8,㳪,Album,Play_HuaDiWeiLao
10,(VN:4Ե),Album,Play_JianXiaQing
11,Ϊ(VN:3Ϊ),Album,Play_HuaDiWeiLao
12,(VN:2Ե),Album,Play_SanShengSanShi
13,Ե(VN:4Ե),Album,Play_JianXiaQing
14,ЦԵ(VN:8ȥҵ),Album,Play_XiaoWenQingYuan
15,(VN:7ᱮ),Album,Play_FengBei_VN
16,ķŮ(VN:1),Album,Play_AiDeFeiXuVocal
18,Yes I do,VN_Theme2018,Play_VN_Theme_YesIDo
,ϵ¼,Bgm,Play_Bgm_Login
20,ս,Bgm,Play_Bgm_Zhanchang
21,ս׼Ӣ-(VN:Ӣ),Album,Play_DaYingXiong
30,ؾ-BOSSս,Bgm,Play_Bgm_Battle_New
31,BOSSս,Bgm,Play_Bgm_Battle_New
32,BOSSս,Bgm,Play_Bgm_Battle_New
33,BOSSս,Bgm,Play_Bgm_Battle_New
34,BOSSս,Bgm,Play_Bgm_Battle_New
35,BOSSս,Bgm,Play_Bgm_Battle_New
40,Ṧ,Movie,Play_Movie_Em_Qg
41,һṦ,Movie,Play_Movie_Th_Qg
42,Ṧ,Movie,Play_Movie_Tr_Qg
43,Ṧ,Movie,Play_Movie_Tw_Qg
44,䵱Ṧ,Movie,Play_Movie_Wd_Qg
45,ңṦ,Movie,Play_Movie_Xy_Qg
46,2-6׿Ƿ,Movie,Play_CG05_chuchang
47,2-6׿Ƿɱ,Movie,Play_CG06_jisha
48,3-7Ǳݳ,Movie,Play_CG07_nalan
49,7-7ĵ,Movie,Play_CG08_tiaoya
50,6-3,Movie,Play_CG09_wuxiang
60,˫Ṧ,Moive3,Play_CG_ShuangRenQG
61,ֹ,Movie2,Play_CG10_xinshou
62,ֹ,Movie2,Play_CG11_xinshou
63,ð-Ṧ,Movie2,Play_Movie_Tianwang_Qg
64,ð-üṦ,Movie2,Play_Movie_Emei_Qg
65,ð-һṦ,Movie2,Play_Movie_Taohua_Qg
66,ð-ңṦ,Movie2,Play_Movie_Xiaoyao_Qg
67,ð-Ṧ,Movie2,Play_Movie_Tianren_Qg
68,ð-Ṧ,Movie2,Play_Movie_Shaolin_Qg
69,ð-Ṧ,Movie2,Play_Movie_Cuiyan_Qg
70,ð-Ṧ,Movie2,Play_Movie_Kunlun_Qg
71,ð-ؤṦ,Movie2,Play_Movie_Gaibang_Qg
72,ð-嶾Ṧ,Movie2,Play_Movie_Wudu_Qg
73,ð-Ṧ,Movie2,Play_Movie_Changge_Qg
74,ð-ɽṦ,Movie2,Play_Movie_Tianshan_Qg
1001,ǻBGM,Wedding,Play_Bgm_Wedding01
1002,ǻѲ,Wedding,Play_Bgm_Wedding02
1003,ֳС,Wedding,Play_Bgm_Wedding03
1004,,Ui_Inst,Play_UI_Inst_Gong
1005,,Ui_Inst,Play_UI_Inst_Gu
1006,,Ui_Inst,Play_UI_Inst_Qin
1007,,Ui_Inst,Play_UI_Inst_Zhong
1008,CG-ȫҴЧ,Weedding_CG,Play_Wedding_CG02
1009,CG-ԵʹЧ,Weedding_CG,Play_Wedding_CG01
1010,񷿼-˳ѭ,Wedding,Play_Wedding_Album
4001,߼װ-׳,Ext,Play_Ext_M2
4002,߼װ-Ů,Ext,Play_Ext_F2
4003,߼װ-,Ext,Play_Ext_F1
4004,߼װ-,Ext,Play_Ext_M1
4005,2018װ-׳С,Ext_1810,Play_Ext_Antumn1810_Male
4006,2018װ-Ů,Ext_1810,Play_Ext_Autumn1810_Female
4007,2018װ-׳С,Ext_1810,Play_Ext_Winter1810_Male
4008,2018װ-Ů,Ext_1810,Play_Ext_Winter1810_Female
4009,2019װ-׳С,Ext_1903,Play_Ext_YanNanGui_Male
4010,2019װ-Ů,Ext_1903,Play_Ext_YanNanGui_Female
4011,2019װ-,Ext_1907,Play_Ext_Summer1907_Male
4012,2019װ-Ů,Ext_1907,Play_Ext_Summer1907_Female
4013,2019װ-ŮһΣ,Ext_1907,Play_Ext_Summer1907F1_Intro
4014,2019װ-Ůڶѭ,Ext_1907,Play_Ext_Summer1907F1_Loop
4015,2019װ-򣨵һΣ,Ext_1907,Play_Ext_Summer1907F2_Intro
4016,2019װ-򣨵ڶѭ,Ext_1907,Play_Ext_Summer1907F2_Loop
4017,2019-,Ext_1911,Play_Ext_JinLi_M1
4018,2019-Ů,Ext_1911,Play_Ext_JinLi_F1
4019,2019＾ʢ-,Ext_1911,Play_Ext_ShengDian_M1
4020,2019＾ʢ-Ů,Ext_1911,Play_Ext_ShengDian_F1
4021,2019＾ʢ-BGMԽϲҪ裩,,
4022,2020-,Ext_2003,Play_Ext_FeiNiao_Male
4023,2020-Ů,Ext_2003,Play_Ext_FeiNiao_Female
4024,2020-,Ext_2003,Play_Ext_HongXiu_Male
4025,2020-Ů,Ext_2003,Play_Ext_HongXiu_Female
4026,2020-,Ext_2008,Play_Ext_HanFu_Male
4027,2020-Ů,Ext_2008,Play_Ext_HanFu_Female
4028,2020ػ-,Ext_2008,Play_Ext_DunHuang_Male
4029,2020ػ-Ů,Ext_2008,Play_Ext_DunHuang_Female
4030,-Intro(ֻһ),Ext_2008_2,Play_Ext_Gu_Male_Intro
4031,-Loop(ѭ),Ext_2008_2,Play_Ext_Gu_Male_Loop
4032,Ů-Intro(ֻһ),Ext_2008_2,Play_Ext_Gu_Female_Intro
4033,Ů-Loop(ѭ),Ext_2008_2,Play_Ext_Gu_Female_Loop
4034,˫Ṧ,Movie_2008,Play_Movie_XinShou_ShuangRenQG
4035,2020ѩ,Ext_2012,Play_Ext_BingXue_Female
4036,2020ħ-,Ext_2012,Play_Ext_Mo_Male
4037,2020-Ů,Ext_2012,Play_Ext_Xian_Female
4038,2021Ϸ-Ů,Ext_2104,Play_Ext_XiFu_Female
4039,2021Ϸ-,Ext_2104,Play_Ext_XiFu_Male
4040,2021˯-ͨ,Ext_2104,Play_Ext_ShuiYi
4041,䵱,Ext_2107,Play_Ext_WuDang_Female
4042,䵱Ů,Ext_2107,Play_Ext_WuDang_Male
4043,Ϧ,Ext_2107,Play_Ext_QiXi_Male
4044,ϦŮ,Ext_2107,Play_Ext_QiXi_Female
4045,Ϧ˫,Ext_2107,Play_Ext_QiXi_Mult
4046,,Ext_2112,Play_Ext_HuoYan
4047,Ů,Ext_2201,Play_Ext_HaiYang_Female
4048,,Ext_2201,Play_Ext_HaiYang_Male
4049,˫,Ext_2201,Play_Ext_HaiYang_Mult
4050,ۻ,Ext_2204,Play_Ext_DiHuang
4051,,Ext_2208,Play_Ext_HuYao_Male
4052,Ů,Ext_2208,Play_Ext_HuYao_Female
4074,װ,Ext_2407,Play_Ext_JiaoRen_Male
4075,װŮ,Ext_2407,Play_Ext_JiaoRen_Female
4076,װ˫,Ext_2407,Play_Ext_JiaoRen_Mult
4077,װ,Ext_2409,Play_Ext_WenYaoYu_Male
4078,װŮ,Ext_2409,Play_Ext_WenYaoYu_Female
4079,װ,Ext_2411,Play_Ext_RiYue_Male
4080,װŮ,Ext_2411,Play_Ext_RiYue_Fmale
4081,ľװ,Ext_2411_2,Play_Ext_KuiMuLang_Male
4082,ľװŮ,Ext_2411_2,Play_Ext_KuiMuLang_Female
5200,ǳ,Tw,Play_Tw_Dc
5201,һʽ,Tw,Play_Tw01_01
5202,ʽ,Tw,Play_Tw01_01
5203,ʽ,Tw,Play_Tw01_01
5204,ʽ,Tw,Play_Tw01_04
5206,Ұײ,Tw,Play_Tw02
5208,ŭ,Tw,Play_Tw03
5210,Ѫս˷,Tw,Play_Tw05
5213,,Tw,Play_Tw04
5214,ŭɽ,Tw,Play_Tw_00
5215,Ůһʽ,Tw,Play_Tw01_01_Female
5216,Ůʽ,Tw,Play_Tw01_02_Female
5217,Ůʽ,Tw,Play_Tw01_04_Female
5218,ŮҰײ,Tw,Play_Tw02_Female
5219,Ůŭ,Tw,Play_Tw03_Female
5220,ŮѪս˷,Tw,Play_Tw05_Female
5221,Ů,Tw,Play_Tw04_Female
5222,Ůŭɽ,Tw,Play_Tw_00_Female
5300,ҵǳ,Em,Play_Em_Dc
5301,üһʽ,Em,Play_Em_01_01
5302,üʽ,Em,Play_Em_01_03
5303,üʽ,Em,Play_Em_01_02
5304,üʽ,Em,Play_Em_01_04
5305,ҽ,Em,Play_Em_01_Hit
5306,üȺն,Em,Play_Em_02_01
5308,ü¶˪,Em,Play_Em_03_01
5309,Ұ¶,Em,Play_Em_03_Hit
5310,ü,Em,Play_Em_04_01
5311,б,Em,Play_Em_04_Hit
5312,ü豦,Em,Play_Em_05_01
5313,б,Em,Play_Em_05_Hit
5346,üŭǺ,Em,Play_Em_00
5400,һǳ,Th,Play_Th_Dc
5401,һһʽ,Th,Play_Th_01_01
5402,һʽ,Th,Play_Th_01_02
5403,һʽ,Th,Play_Th_01_01
5404,һʽ,Th,Play_Th_01_03
5405,һ,Th,Play_Th_01_Hit
5406,һԭ,Th,Play_Th_02_01
5407,һɻ,Th,Play_Th_03_01
5408,һб,Th,Play_Th_03_Hit
5410,һ,Th,Play_Th_04_01
5411,һб,Th,Play_Th_04_Hit
5412,һ,Th,Play_Th_05_01
5413,һб,Th,Play_Th_05_Hit
5427,һŭ仨,Th,Play_Th_00
5500,ңǳ,Xy,Play_Xy_Dc
5501,ңǹһʽ,Xy,Play_Xy_01_01
5502,ңǹʽ,Xy,Play_Xy_01_02
5503,ңǹʽ,Xy,Play_Xy_01_03
5504,ңǹʽ,Xy,Play_Xy_01_04
5505,ңһб,Xy,Play_Xy_01_Hit
5506,ң,Xy,Play_Xy_02_01
5507,ң,Xy,Play_Xy_02_02
5508,ң޵ն,Xy,Play_Xy_03_00
5509,ң޵ն,Xy,Play_Xy_03_05
5510,ң׺,Xy,Play_Xy_04_01
5513,ң,Xy,Play_Xy_05_01
5527,ңŭң,Xy,Play_Xy_00
5530,ңŮǳ,New_Dc1903,Play_XiaoYao_DC_Female
5531,ңŮǹһʽ,Skill_XiaoYao_Fm,Play_Xy_01_01_Female
5532,ңŮǹʽ,Skill_XiaoYao_Fm,Play_Xy_01_02_Female
5533,ңŮǹʽ,Skill_XiaoYao_Fm,Play_Xy_01_03_Female
5534,ңŮǹʽ,Skill_XiaoYao_Fm,Play_Xy_01_04_Female
5535,ңŮ,Skill_XiaoYao_Fm,Play_Xy_02_01_Female
5536,ңŮ޵ն,Skill_XiaoYao_Fm,Play_Xy_03_00_Female
5537,ңŮ޵ն,Skill_XiaoYao_Fm,Play_Xy_03_05_Female
5538,ңŮ׺,Skill_XiaoYao_Fm,Play_Xy_04_01_Female
5539,ңŮ,Skill_XiaoYao_Fm,Play_Xy_05_01_Female
5600,䵱ǳ,Wd,Play_Wd_Dc
5601,䵱չ1,Wd,Play_Wd_01_01
5602,䵱չ2,Wd,Play_Wd_01_02
5603,䵱չ3,Wd,Play_Wd_01_03
5604,䵱չ4,Wd,Play_Wd_01_04
5605,䵱չ,Wd,Play_Wd_01_Hit
5606,˽һ,Wd,Play_Wd_02_01
5607,,Wd,Play_Wd_03_01
5608,ɾ,Wd,Play_Wd_04_01
5609,޼,Wd,Play_Wd_05_01
5610,䵱ŭ,Wd,Play_Wd_00
5621,䵱Ůչ2,Wd,Play_Wd_01_02Female
5622,䵱Ůչ3,Wd,Play_Wd_01_03Female
5623,䵱Ůչ4,Wd,Play_Wd_01_04Female
5624,䵱Ů˽һ,Wd,Play_Wd_02_01Female
5625,䵱Ůɾ,Wd,Play_Wd_04_01Female
5626,䵱Ů޼,Wd,Play_Wd_05_01Female
5627,䵱Ůǳ,New_Dc,Play_FemaleWd_Dc
5631,-䵱չ1,WdJX,Play_WdJX_01_01
5632,-䵱չ2,WdJX,Play_WdJX_01_02
5633,-䵱չ3,WdJX,Play_WdJX_01_03
5634,-䵱չ4,WdJX,Play_WdJX_01_04
5635,-޽_ʩ,WdJX,Play_WdJX_02_01
5636,-޽_佣,WdJX,Play_WdJX_02_02
5637,-,WdJX,Play_WdJX_03_01
5638,-˽һ,WdJX,Play_WdJX_04_01
5711,̵ǳ,Tr,Play_Tr_Dc
5700,ŭ,Tr,Play_Tr_00
5701,չ1,Tr,Play_Tr_01_01
5702,չ2,Tr,Play_Tr_01_02
5703,չ3,Tr,Play_Tr_01_03
5704,չ4,Tr,Play_Tr_01_04
5705,չ,Tr,Play_Tr_01_Hit
5706,,Tr,Play_Tr_02_01
5707,ħ췢,Tr,Play_Tr_03_01
5708,ħӵ,Tr,Play_Tr_03_02
5709,Ѫ֮Ӱ,Tr,Play_Tr_04_01
5710,,Tr,Play_Tr_05_01
5712,,Tr_M,Play_Tr_02_01_M
6201,,Tw,Play_Tw01_Hit
5800,ŭ,Sl,Play_Sl_00
5801,չһ,Sl,Play_Sl_01_01
5802,չڶ,Sl,Play_Sl_01_02
5803,չ,Sl,Play_Sl_01_03
5804,չĶ,Sl,Play_Sl_01_04
5805,չ,Sl,Play_Sl_01_Hit
5806,ֽ,Sl,Play_Sl_02_01
5807,ִָ,Sl,Play_Sl_03_01
5808,ֽշħ,Sl,Play_Sl_04_01
5809,ʮ,Sl,Play_Sl_05_01
5810,ֱ޺,Sl,Play_Sl_06_00
5900,ŭ,Cy,Play_Cy_00
5901,չһ,Cy,Play_Cy_01_01
5902,չڶ,Cy,Play_Cy_01_02
5903,չ,Cy,Play_Cy_01_03
5904,չĶ,Cy,Play_Cy_01_04
5905,չ,Cy,Play_Cy_01_Hit
5906,,Cy,Play_Cy_02_01
5907,滨,Cy,Play_Cy_03_01
5908,ٻ,Cy,Play_Cy_04_01
5909,̱չ,Cy,Play_Cy_04_02
5910,̱Ӱ,Cy,Play_Cy_05_01
5911,̱Ӱ,Cy,Play_Cy_05_Hit
5912,̱ײ,Cy,Play_Cy_04_03
5920,ŭ,Tm,Play_Tm_00
5921,չ123,Tm,Play_Tm_01_00
5922,չ4,Tm,Play_Tm_01_04
5923,Ų,Tm,Play_Tm_02_01
5924,Ų̱,Tm,Play_Tm_02_02
5925,ű滨,Tm,Play_Tm_03_01
5926,ű滨,Tm,Play_Tm_03_02
5927,Ӱ,Tm,Play_Tm_04_01
5928,žŹ,Tm,Play_Tm_05_01
5929,չ,Tm,Play_Tm_01_Hit
5940,ŭ,Kl,Play_Kl_00
5941,չһ,Kl,Play_Kl_01_01
5942,չڶ,Kl,Play_Kl_01_02
5943,չ,Kl,Play_Kl_01_03
5944,չĶ,Kl,Play_Kl_01_04
5945,ָ·,Kl,Play_Kl_02_01
5946,Х,Kl,Play_Kl_03_01
5947,ػ罣,Kl,Play_Kl_04_01
5948,׶췢,Kl,Play_Kl_05_01
5949,׶ı,Kl,Play_Kl_05_02
5950,չ,Kl,Play_Kl_01_Hit
5951,ŭ,Skill_KunLun_M,Play_Kl_00Male
5952,л罣,Skill_KunLun_M,Play_Kl_04_01Male
5960,ؤŭ,Gb,Play_GB_00
5961,ؤչ1,Gb,Play_GB_01_01
5962,ؤչ2,Gb,Play_GB_01_02
5963,ؤչ3,Gb,Play_GB_01_03
5964,ؤչ4,Gb,Play_GB_01_04
5965,ؤչ,Gb,Play_GB_01_Hit
5966,ؤ￺л,Gb,Play_GB_02_01
5967,ؤ1,Gb,Play_GB_03_01
5968,ؤ2,Gb,Play_GB_03_02
5969,ؤ,Gb,Play_GB_04_01
5970,ؤսҰ,Gb,Play_GB_05_01
5971,ؤUIǳ,Gb,Play_GB_Dc
5972,ؤŮ-ŭ,Skill_GaiBang_Fm,Play_GB_00_Female
5973,ؤŮ-1,Skill_GaiBang_Fm,Play_GB_03_01_Female
5974,ؤŮ-¼,New_Dc1907,Play_GaiBang_Dc_Female
5980,嶾ŭ,WuDu,Play_WuDu_00
5981,嶾չ1,WuDu,Play_WuDu_01_01
5982,嶾չ2,WuDu,Play_WuDu_01_02
5983,嶾չ3,WuDu,Play_WuDu_01_03
5984,嶾չ4,WuDu,Play_WuDu_01_04
5985,嶾չ,WuDu,Play_WuDu_01_Hit
5986,嶾ʴ,WuDu,Play_WuDu_02_01
5987,嶾ٻ,WuDu,Play_WuDu_03_01
5988,ܵĹӵ,WuDu,Play_WuDu_03_ChanChu
5989,֩빥ӵ,WuDu,Play_WuDu_03_HeiZhu
5990,ߵĹӵ,WuDu,Play_WuDu_03_LingShe
5991,嶾Ĺ,WuDu,Play_WuDu_04_01
5992,嶾ʴ,WuDu,Play_WuDu_05_01
5993,嶾UIǳ,WuDu,Play_WuDu_Dc
5994,嶾ٻ-,WuDu,Play_WuDu_DiZi01
5995,嶾ٻ-,WuDu,Play_WuDu_DiZi05
5996,嶾ٻ-Ы,WuDu,Play_WuDu_DiZi03
5997,嶾ٻ-,WuDu,Play_WuDu_DiZi02
5998,嶾ٻ-ī,WuDu,Play_WuDu_DiZi04
6000,ؽЧ,Cj,Play_Cj_00
6001,ؽչ1,Cj,Play_Cj_01_01
6002,ؽչ2,Cj,Play_Cj_01_02
6003,ؽչ3,Cj,Play_Cj_01_03
6004,ؽչ4,Cj,Play_Cj_01_04
6005,ؽչ,Cj,Play_Cj_Hit
6006,Ϫ,Cj,Play_Cj_02_01
6007,Ľ,Cj,Play_Cj_03_01
6008,ƽ,Cj,Play_Cj_04_01
6009,ƾ,Cj,Play_Cj_05_01
6010,ؽЧ,Cj,Play_Cj_Dc
6020,,Cg,Play_Cg_00
6021,չ1,Cg,Play_Cg_01_01
6022,չ2,Cg,Play_Cg_01_02
6023,չ3,Cg,Play_Cg_01_03
6024,չ4,Cg,Play_Cg_01_04
6025,չ,Cg,Play_Cg_01_Hit
6026,ƽɳ,Cg,Play_Cg_02_01
6027,ả,Cg,Play_Cg_03_01
6028,Х,Cg,Play_Cg_04_01
6029,,Cg,Play_Cg_05_01
6030,Ч,Cg,Play_Cg_Dc
6040,ɽ-ŭ,Ts,Play_Ts_00
6041,ɽչ1,Ts,Play_Ts_01_01
6042,ɽչ2,Ts,Play_Ts_01_02
6043,ɽչ3,Ts,Play_Ts_01_03
6044,ɽչ4,Ts,Play_Ts_01_04a
6045,ɽչ5,Ts,Play_Ts_01_04b
6046,ɽչ6,Ts,Play_Ts_01_04c
6047,ɽ-1,Ts,Play_Ts_02_01
6048,ɽ-2,Ts,Play_Ts_03_01
6049,ɽ-3,Ts,Play_Ts_04_01
6050,ɽ-4,Ts,Play_Ts_05_01
6051,ɽ-չ,Ts,Play_Ts_Hit
6070,ԵУ-ŭ,Bd,Play_Bd_00Male
6071,ԵУչ1,Bd,Play_Bd_01_01
6072,ԵУչ2,Bd,Play_Bd_01_02
6073,ԵУչ3,Bd,Play_Bd_01_03Male
6074,ԵУչ4,Bd,Play_Bd_01_04Male
6075,ԵУ-1,Bd,Play_Bd_02_01
6076,ԵУ-2,Bd,Play_Bd_03_01Male
6077,ԵУ-3,Bd,Play_Bd_04_01Male
6078,ԵУ-4,Bd,Play_Bd_05_01
6081,ԵŮ-ŭ,Bd,Play_Bd_00Female
6082,ԵŮչ3,Bd,Play_Bd_01_03Female
6083,ԵŮ-3,Bd,Play_Bd_04_01Female
6084,Եеǳ,New_Dc,Play_MaleBd_Dc
6085,ԵŮǳ,New_Dc,Play_FemaleBd_Dc
6086,Եչ,Bd,Play_Bd_Hit
6087,ԵŮչ4,Bd,Play_Bd_01_04Female
6088,ԵŮ-2,Bd,Play_Bd_03_01Female
6100,ɽУ-ŭ,Skill_HuaShan,Play_Hs_00Male
6101,ɽУչ1,Skill_HuaShan,Play_Hs_01_01Male
6102,ɽУչ2,Skill_HuaShan,Play_Hs_01_02
6103,ɽУչ3,Skill_HuaShan,Play_Hs_01_03Male
6104,ɽУչ4,Skill_HuaShan,Play_Hs_01_04Male
6105,ɽУ-ʷ,Skill_HuaShan,Play_Hs_02_01Male
6106,ɽУ-,Skill_HuaShan,Play_Hs_03_01
6107,ɽУ-һ,Skill_HuaShan,Play_Hs_04_01Male
6108,ɽУ-ϼ,Skill_HuaShan,Play_Hs_05_01Male
6109,ɽŮ-ŭ,Skill_HuaShan,Play_Hs_00Female
6110,ɽŮչ1,Skill_HuaShan,Play_Hs_01_01Female
6111,ɽŮչ3,Skill_HuaShan,Play_Hs_01_03Female
6112,ɽŮչ4,Skill_HuaShan,Play_Hs_01_04Female
6113,ɽŮ-ʷ,Skill_HuaShan,Play_Hs_02_01Female
6114,ɽŮ-һ,Skill_HuaShan,Play_Hs_04_01FeMale
6115,ɽŮ-ϼ,Skill_HuaShan,Play_Hs_05_01Female
6116,ɽ,Skill_HuaShan,Play_Hs_Hit
6117,ɽеǳ,New_Dc1807,Play_HuaShan_Dc_Male
6118,ɽŮǳ,New_Dc1807,Play_HuaShan_Dc_Female
6121,̣Уչ1,Skill_Mingjiao,Play_Mj_01_01
6122,̣Уչ2,Skill_Mingjiao,Play_Mj_01_02
6123,̣Уչ3,Skill_Mingjiao,Play_Mj_01_03
6124,̣Уչ4,Skill_Mingjiao,Play_Mj_01_04
6126,̣У-ɽɴ,Skill_Mingjiao,Play_Mj_02_01
6127,̣У-ʯ,Skill_Mingjiao,Play_Mj_03_01_Male
6128,̣У-Ӱ,Skill_Mingjiao,Play_Mj_04_01
6129,̣У-أѭ,Skill_Mingjiao,Play_Mj_05_01
6130,̣У-أأ,Skill_Mingjiao,Stop_Mj_05_01
6131,̣У-ŭ,Skill_Mingjiao,Play_Mj_00_Male
6132,̣Ů-ʯ,Skill_Mingjiao,Play_Mj_03_01_Female
6133,̣Ů-ŭ,Skill_Mingjiao,Play_Mj_00_Female
6134,̱,Skill_Mingjiao,Play_Mj_01_Hit
6135,еǳ,New_Dc1810,Play_MingJiao_Dc_Male
6136,Ůǳ,New_Dc1810,Play_MingJiao_DC_Female
6141,չ1,Skill_DuanShi,Play_DS_01_01
6142,չ2,Skill_DuanShi,Play_DS_01_02
6143,չ3,Skill_DuanShi,Play_DS_01_03
6144,չ4,Skill_DuanShi,Play_DS_01_04
6145,ϣУ-һָ,Skill_DuanShi,Play_DS_02_01_Male
6146,ϣУ-,Skill_DuanShi,Play_DS_03_01_Male
6147,-_,Skill_DuanShi,Play_DS_04_01
6148,-ˮ,Skill_DuanShi,Play_DS_05_01
6149,ϣУ-ŭ,Skill_DuanShi,Play_DS_00_Male
6150,ϣŮ-һָ,Skill_DuanShi,Play_DS_02_01_Female
6151,ϣŮ-,Skill_DuanShi,Play_DS_03_01_Female
6152,ϣŮ-ŭ,Skill_DuanShi,Play_DS_00_Female
6153,еǳ,New_Dc1903,Play_DuanShi_DC_Male
6154,Ůǳ,New_Dc1903,Play_DuanShi_DC_Female
6155,-_ӵ,Skill_DuanShi,Play_DS_04_02
6161,չ1,Skill_WanHua,Play_Wh_01_01
6162,չ2,Skill_WanHua,Play_Wh_01_02
6163,չ3,Skill_WanHua,Play_Wh_01_03
6164,չ4,Skill_WanHua,Play_Wh_01_04
6165,򻨣У-ִӱī,Skill_WanHua,Play_Wh_02_01_Male
6166,-,Skill_WanHua,Play_Wh_03_01
6167,-ī,Skill_WanHua,Play_Wh_04_01
6168,-滢㾦,Skill_WanHua,Play_Wh_05_01
6169,-滢㾦ϻ,Skill_WanHua,Play_Wh_05_01TigerAt
6170,򻨣У-ŭ,Skill_WanHua,Play_Wh_00_Male
6171,򻨣Ů-ִӱī,Skill_WanHua,Play_Wh_02_01_Female
6172,򻨣Ů-ŭ,Skill_WanHua,Play_Wh_00_Female
6173,-,Skill_WanHua,Play_Wh_01_Hit
6174,򻨣У-¼,New_Dc1907,Play_WanHua_Dc_Male
6175,򻨣Ů-¼,New_Dc1907,Play_WanHua_Dc_Female
6180,ŭ,Skill_Ym,Play_Ym_00
6181,Źչ1,Skill_Ym,Play_Ym_Arrow_01_01
6182,Źչ2,Skill_Ym,Play_Ym_Arrow_01_02
6183,Źչ3,Skill_Ym,Play_Ym_Arrow_01_03
6184,Źչ4,Skill_Ym,Play_Ym_Arrow_01_04
6185,Ź-BUFF,Skill_Ym,Play_Ym_Arrow_02_01
6186,ŹУ-μ,Skill_Ym,Play_Ym_Arrow_03_01Male
6187,ŹŮ-μ,Skill_Ym,Play_Ym_Arrow_03_01Female
6188,ŹУ-,Skill_Ym,Play_Ym_Arrow_04_01Male
6189,ŹŮ-,Skill_Ym,Play_Ym_Arrow_04_01Female
6190,Ϊ,Skill_Ym,Play_Ym_Arrow_05_01
6191,ǹչ1,Skill_Ym,Play_Ym_Spear_01_01
6192,ǹչ2,Skill_Ym,Play_Ym_Spear_01_02
6193,ǹչ3,Skill_Ym,Play_Ym_Spear_01_03
6194,ǹչ4,Skill_Ym,Play_Ym_Spear_01_04
6195,ǹУ-BUFF,Skill_Ym,Play_Ym_Spear_02_01Male
6196,ǹŮ-BUFF,Skill_Ym,Play_Ym_Spear_02_01Female
6197,ǹУ-,Skill_Ym,Play_Ym_Spear_03_01Male
6198,ǹŮ-,Skill_Ym,Play_Ym_Spear_03_01Female
6199,ǹ-ɨ,Skill_Ym,Play_Ym_Spear_04_01
6200,Ϊǹ,Skill_Ym,Play_Ym_Spear_05_01
6202,ȸչ1,Skill_Lq,Play_Lq_01_01
6203,ȸչ2,Skill_Lq,Play_Lq_01_02
6204,ȸչ3,Skill_Lq,Play_Lq_01_03
6205,ȸչ4,Skill_Lq,Play_Lq_01_04
6206,ȸУ-̤,Skill_Lq,Play_Lq_02_01Male
6207,ȸŮ-̤,Skill_Lq,Play_Lq_02_01Female
6208,ȸ-Ӱ,Skill_Lq,Play_Lq_03_01
6209,ȸУ-ն,Skill_Lq,Play_Lq_04_01Male
6210,ȸŮ-ն,Skill_Lq,Play_Lq_04_01Female
6211,ȸ-BUFF,Skill_Lq,Play_Lq_05_01
6212,ȸ-4,Skill_Lq,Play_Lq_05_02
6213,ȸУ-ŭ,Skill_Lq,Play_Lq_00Male
6214,ȸŮ-ŭ,Skill_Lq,Play_Lq_00Female
6215,ȸУ-¼,New_Dc2003,Play_LongQue_Dc_Male
6216,ȸŮ-¼,New_Dc2003,Play_LongQue_Dc_Female
6217,ţŮ-¼,New_Dc2003,Play_TangMen_Dc_Female
6221,չ1,Sj,Play_Sj_01_01
6222,չ2,Sj,Play_Sj_01_02
6223,չ3,Sj,Play_Sj_01_03
6224,չ4,Sj,Play_Sj_01_04
6225,-ӥ,Sj,Play_Sj_02_01
6226,-ӥ,Sj,Play_Sj_03_01
6227,-Ӱ,Sj,Play_Sj_04_01
6228,-˷-ӥ,Sj,Play_Sj_05_01
6229,-˷-,Sj,Play_Sj_05_02
6230,-˷-ӥ,Sj,Play_Sj_05_03
6231,-ŭ,Sj,Play_Sj_00_01
6232,У-¼,New_Dc2008,Play_ShenJi_Dc_BiaoNan
6233,Ů-¼,New_Dc2008,Play_ShenJi_Dc_LuoLi
6234,ؽŮ-¼,New_Dc2008,Play_CangJian_Dc_ChengNv
6241,ˮչ1,Skill_Xs,Play_Xs_01_01
6242,ˮչ2,Skill_Xs,Play_Xs_01_02
6243,ˮչ3,Skill_Xs,Play_Xs_01_03
6244,ˮչ4,Skill_Xs,Play_Xs_01_04
6245,ˮ-ŽӰ,Skill_Xs,Play_Xs_02_01
6246,ˮ-ĺѩ,Skill_Xs,Play_Xs_03_01
6247,ˮ-ӡ,Skill_Xs,Play_Xs_04_01
6248,ˮ-ӡ_,Skill_Xs,Play_Xs_04_02
6249,ˮ-ӡ_з,Skill_Xs,Play_Xs_04_03
6250,ˮ-ͱ˪,Skill_Xs,Play_Xs_05_01
6251,ˮ-ŭ,Skill_Xs,Play_Xs_00_01
6252,ˮ-,Skill_Xs,Play_Xs_01_Hit
6253,ˮУ-¼,New_Dc2012,Play_XuanShui_Dc_BiaoNan
6254,ˮŮ-¼,New_Dc2012,Play_XuanShui_Dc_ChengNv
6261,չ1,Cx,Play_Cx_01_01
6262,չ2,Cx,Play_Cx_01_02
6263,չ3,Cx,Play_Cx_01_03
6264,չ4,Cx,Play_Cx_01_04
6265,-̻,Cx,Play_Cx_02_01
6266,-ֱ˺,Cx,Play_Cx_03_01
6267,-,Cx,Play_Cx_04_01
6268,-_ը,Cx,Play_Cx_04_02
6269,-ը,Cx,Play_Cx_05_01
6270,-ը_,Cx,Play_Cx_05_02
6271,-ը_ը,Cx,Play_Cx_05_03
6272,-ŭ,Cx,Play_Cx_00_01
6273,-,Cx,Play_Cx_01_Hit
6274,У-¼,New_Dc2104,Play_ChongXiao_Dc_ChengNan
6275,Ů-¼,New_Dc2104,Play_ChongXiao_Dc_LuoLi
6276,У-¼,New_Dc2111,Play_LongWei_Dc_BiaoNan
6277,Ů-¼,New_Dc2111,Play_LongWei_Dc_ChengNv
6281,չ1,Lw,Play_Lw_01_01
6282,չ2,Lw,Play_Lw_01_02
6283,չ3,Lw,Play_Lw_01_03
6284,չ4,Lw,Play_Lw_01_04
6285,-1-˺,Lw,Play_Lw_03_01
6286,-2,Lw,Play_Lw_02_01
6287,-2ͬĿ,Lw,Play_Lw_02_02
6288,-2ͬĿ,Lw,Play_Lw_02_03
6289,-3,Lw,Play_Lw_04_01
6290,-4ǰֱ,Lw,Play_Lw_05_01
6291,-ŭ,Lw,Play_Lw_00_01
6292,-,Lw,Play_Lw_01_Hit
6293,ΣУ-¼,New_Dc2207,Play_HuiMeng_DC_Male
6294,ΣŮ-¼,New_Dc2207,Play_HuiMeng_DC_Female
6401,չ1,Hm,Play_Hm_01_01
6402,չ2,Hm,Play_Hm_01_02
6403,չ3,Hm,Play_Hm_01_03
6404,չ4,Hm,Play_Hm_01_04
6405,-,Hm,Play_Hm_02_01
6406,-ֱ,Hm,Play_Hm_03_01
6407,-,Hm,Play_Hm_04_01
6408,-,Hm,Play_Hm_05_01
6409,-ŭ,Hm,Play_Hm_00
6410,ģУ-¼,New_Dc2307,Play_TianXin_Dc_Male
6411,ģŮ-¼,New_Dc2307,Play_TianXin_Dc_Female
6501,չ1,Tx,Play_Tx_01_01
6502,չ2,Tx,Play_Tx_01_02
6503,չ3,Tx,Play_Tx_01_03
6504,չ4,Tx,Play_Tx_01_04
6505,-ֱ,Tx,Play_Tx_02_01
6506,-Χ,Tx,Play_Tx_03_01
6507,-,Tx,Play_Tx_04_01
6508,-,Tx,Play_Tx_05_01
6509,-,Tx,Play_Tx_05_02
6510,-ŭ,Tx,Play_Tx_00_01
6511,-,Tx,Play_Tx_01_Hit
6601,նչ1,Zl,Play_Zl_01_01
6602,նչ2,Zl,Play_Zl_01_02
6603,նչ3,Zl,Play_Zl_01_03
6604,նչ4,Zl,Play_Zl_01_04
6605,1-Ǹ,Zl,Play_Zl_02_01
6606,2-ĺ,Zl,Play_Zl_03_01
6607,3-Ԩ,Zl,Play_Zl_04_01
6608,4-תǬ,Zl,Play_Zl_05_01
6609,ŭ,Zl,Play_Zl_00_01
6610,,Zl,Play_Zl_Hit
6611,նңУ-¼,New_Dc2407,Play_ZhanLie_Dc_Male
6612,նңŮ-¼,New_Dc2407,Play_ZhanLie_Dc_Female
6613,º裨У-¼,New_Dc2507,Play_GuHong_Dc_Male
6614,º裨Ů-¼,New_Dc2507,Play_GuHong_Dc_Female
6615,ºչ1,Gh,Play_Gh_01_01
6616,ºչ2,Gh,Play_Gh_01_02
6617,ºչ3,Gh,Play_Gh_01_03
6618,ºչ4,Gh,Play_Gh_01_04
6619,º輼1-Ӷ,Gh,Play_Gh_02_01
6620,º輼1-Ӷ-,Gh,Play_Gh_02_02
6621,º輼2-ڷ,Gh,Play_Gh_03_01
6622,º輼2-ڷ-missile,Gh,Play_Gh_03_02
6623,º輼3-ºӰ,Gh,Play_Gh_04_01
6624,º輼4-,Gh,Play_Gh_05_01
6625,ºŭ,Gh,Play_Gh_00_01
6626,ºͨñ,Gh,Play_Gh_Hit
7001,ʿ,Pet_HaShiQi,Play_Pet_HaShiQi_01
7002,ʿǺ,Pet_HaShiQi,Play_Pet_HaShiQi_02
7003,ʿʨ,Pet_HaShiQi,Play_Pet_HaShiQi_03
7004,ʿ汻ͷ,Pet_2008,Play_Pet_HaShiQi_touch
7005,ͷ,Pet_2008,Play_Pet_HaiBao_touch
7006,żèͷ,Pet_2008,Play_Pet_BuOuMao_touch
7007,żè,Pet_2008,Play_Pet_BuOuMao_stand
7008,,Pet_2104,Play_Pet_BigPig_touch
7009,˯,Pet_2104,Play_Pet_BigPig_sleep
7010,С,Pet_2104,Play_Pet_SmallPig_touch
7011,С˯,Pet_2104,Play_Pet_SmallPig_sleep
7012,,Pet_2107,Play_Pet_Chick_stand
10010,-,Bgm,Play_Bgm_LuoYang
10011,ٰ-,Bgm_LinAn,Play_Bgm_LinAn
10020,ִ-ķ-VN:5bgm,Album,Play_AiDeFeiXu
,ִ-(),Bgm,Play_Bgm_XinShouCun
10021,ϵͳ-,Amb_2008,Play_Amb_Thunder
10030,˹-01(),Bgm,Play_Bgm_Battle_Team
10040,Ҷ-01(),Bgm,Play_Bgm_Battle_Team
10050,ֹؿѩ,Bgm,Play_Bgm_Battle_Team
10052,ֹؿ-ѩ,Amb,Play_Amb_Wind
10090,˹-02(),Bgm,Play_Bgm_Battle_Team
10100,˹-03(),Bgm,Play_Bgm_Battle_Team
10110,˹-04(),Bgm,Play_Bgm_Battle_Team
10120,˹-05(),Bgm,Play_Bgm_Battle_Team
10130,˹-06(),Bgm,Play_Bgm_Battle_Team
10140,˹-07(),Bgm,Play_Bgm_Battle_Team
10150,˹-08(),Bgm,Play_Bgm_Battle_Team
10160,˹-09(),Bgm,Play_Bgm_Battle_Team
10170,˹-10(),Bgm,Play_Bgm_Battle_Team
10180,Ҷ-01(),Bgm,Play_Bgm_Battle_Autumn
10190,Ҷ-02(),Bgm,Play_Bgm_Battle_Autumn
10200,Ҷ-03(),Bgm,Play_Bgm_Battle_Autumn
10210,Ҷ-04(),Bgm,Play_Bgm_Battle_Autumn
10220,Ҷ-05(),Bgm,Play_Bgm_Battle_Autumn
10230,Ҷ-06(),Bgm,Play_Bgm_Battle_Autumn
10240,Ҷ-07(),Bgm,Play_Bgm_Battle_Autumn
10250,Ҷ-08(),Bgm,Play_Bgm_Battle_Autumn
10260,Ҷ-09(),Bgm,Play_Bgm_Battle_Autumn
10270,Ҷ-10(),Bgm,Play_Bgm_Battle_Autumn
10280,׺-01(),Bgm,Play_Bgm_Battle_Spring
10290,׺-02(),Bgm,Play_Bgm_Battle_Spring
10300,׺-03(),Bgm,Play_Bgm_Battle_Spring
10310,׺-04(),Bgm,Play_Bgm_Battle_Spring
10320,׺-05(),Bgm,Play_Bgm_Battle_Spring
10330,׺-06(),Bgm,Play_Bgm_Battle_Spring
10340,׺-07(),Bgm,Play_Bgm_Battle_Spring
10350,׺-08(),Bgm,Play_Bgm_Battle_Spring
10360,׺-09(),Bgm,Play_Bgm_Battle_Spring
10370,׺-10(),Bgm,Play_Bgm_Battle_Spring
10380,-01(),Bgm,Play_Bgm_Battle_Winter
10382,ֻ,Amb,Play_Amb_Thunderstorm
10390,-02(),Bgm,Play_Bgm_Battle_Winter
10392,ֻ,Amb,Play_Amb_Thunderstorm
10400,-03(),Bgm,Play_Bgm_Battle_Winter
10402,ֻ,Amb,Play_Amb_Thunderstorm
10410,-04(),Bgm,Play_Bgm_Battle_Winter
10412,ֻ,Amb,Play_Amb_Thunderstorm
10420,-05(),Bgm,Play_Bgm_Battle_Winter
10422,ֻ,Amb,Play_Amb_Thunderstorm
10430,-06(),Bgm,Play_Bgm_Battle_Winter
10432,ֻ,Amb,Play_Amb_Thunderstorm
10440,-07(),Bgm,Play_Bgm_Battle_Winter
10442,ֻ,Amb,Play_Amb_Thunderstorm
10450,-08(),Bgm,Play_Bgm_Battle_Winter
10452,ֻ,Amb,Play_Amb_Thunderstorm
10460,-09(),Bgm,Play_Bgm_Battle_Winter
10462,ֻ,Amb,Play_Amb_Thunderstorm
10470,-10(),Bgm,Play_Bgm_Battle_Winter
10712,ֻ,Amb,Play_Amb_Thunderstorm
10480,-01,Bgm,Play_Bgm_Battle_Summer
10490,-02,Bgm,Play_Bgm_Battle_Summer
10500,-03,Bgm,Play_Bgm_Battle_Summer
10510,-04,Bgm,Play_Bgm_Battle_Summer
10520,-05,Bgm,Play_Bgm_Battle_Summer
10530,-06,Bgm,Play_Bgm_Battle_Summer
10540,-07,Bgm,Play_Bgm_Battle_Summer
10550,-08,Bgm,Play_Bgm_Battle_Summer
10560,-09,Bgm,Play_Bgm_Battle_Summer
10570,-10,Bgm,Play_Bgm_Battle_Summer
12000,׺-ؾa1,Bgm,Play_Bgm_Battle_Spring
12010,׺-ؾb1,Bgm,Play_Bgm_Battle_Spring
12020,׺-ؾb3,Bgm,Play_Bgm_Battle_Spring
12030,׺-ؾb4,Bgm,Play_Bgm_Battle_Spring
12040,׺-ؾb7,Bgm,Play_Bgm_Battle_Spring
12050,׺-ؾb8,Bgm,Play_Bgm_Battle_Spring
12060,׺-ؾb9,Bgm,Play_Bgm_Battle_Spring
12070,׺-ؾc3,Bgm,Play_Bgm_Battle_Spring
12080,-ؾc1,Bgm,Play_Bgm_Battle_Summer
12090,-ؾa2,Bgm,Play_Bgm_Battle_Summer
12100,-ؾa4,Bgm,Play_Bgm_Battle_Summer
12110,-ؾa6,Bgm,Play_Bgm_Battle_Summer
12120,׺-ؾa7,Bgm,Play_Bgm_Battle_Summer
12130,-ؾa9,Bgm,Play_Bgm_Battle_Summer
12140,-ؾa10,Bgm,Play_Bgm_Battle_Summer
12150,˹-ؾc2,Bgm,Play_Bgm_Battle_Team
12160,˹-ؾc7,Bgm,Play_Bgm_Battle_Team
12170,˹-ؾc8,Bgm,Play_Bgm_Battle_Team
12180,˹-ؾd8,Bgm,Play_Bgm_Battle_Team
12190,˹-ؾe5,Bgm,Play_Bgm_Battle_Team
12200,ѩ-ؾd1,Bgm,Play_Bgm_Battle_Winter
12210,ѩ-ؾd2,Bgm,Play_Bgm_Battle_Winter
12220,ѩ-ؾd3,Bgm,Play_Bgm_Battle_Winter
12230,ѩ-ؾd5,Bgm,Play_Bgm_Battle_Winter
12240,ѩ-ؾd9,Bgm,Play_Bgm_Battle_Winter
12250,ѩ-ؾe2,Bgm,Play_Bgm_Battle_Winter
12260,ѩ-ؾe3,Bgm,Play_Bgm_Battle_Winter
12270,ѩ-ؾe9,Bgm,Play_Bgm_Battle_Winter
12280,-ؾe10,Bgm,Play_Bgm_Battle_Team
13000,ڣ-ؾ,Bgm,Play_Bgm_Battle_Summer
13010,-ؾ,Bgm,Play_Bgm_Battle_Team
14000,׺ľ-Ұ,Bgm,Play_Bgm_Spring
14010,㻪ȵ-Ұ,Bgm,Play_Bgm_Autumn
14020,-Ұ,Bgm,Play_Bgm_Spring
14030,-Ұ,Bgm,Play_Bgm_Autumn
14040,-Ұ,Bgm,Play_Bgm_Spring
14050,ƶ-Ұ,Bgm,Play_Bgm_Autumn
14060,ѩ-Ұ,Bgm,Play_Bgm_Autumn
14999,2020ֹؾ,Movie_2008,Mute_Movie_XinShou_Amb
15000,2020ֹȡ,Movie_2008,UnMute_Movie_XinShou_Amb
15001,2020ֹر,Movie_2008,Play_Movie_XinShou_Amb
15002,2020ֹṦ1,Movie_2008,Play_Movie_XinShou_QG_01
15003,2020ֹṦ2,Movie_2008,Play_Movie_XinShou_QG_02
15004,2020ֹṦ3,Movie_2008,Play_Movie_XinShou_QG_03
15005,2020ֹṦ4,Movie_2008,Play_Movie_XinShou_QG_04
15006,2020ֹṦBGM,Movie_2008,Play_Movie_XinShou_QG_BGM
15007,2020ֹش루С׳УVN,Movie_2008_YN,Play_Movie_XinShou_CR_YN
15008,2020ֹش(Ů)VN,Movie_2008_YN,Play_Movie_XinShou_CR_YN
15009,2020ֹش()VN,Movie_2008_YN,Play_Movie_XinShou_CR_YN
15010,2020ֹصVN,Movie_2008_YN,Play_Movie_XinShou_DJ_YN
15011,2020ֹؾս1С׳УVN,Movie_2008_YN,Play_Movie_XinShou_JZ_01_YN
15012,2020ֹؾս1Ů)VN,Movie_2008_YN,Play_Movie_XinShou_JZ_01_YN
15013,2020ֹؾս1()VN,Movie_2008_YN,Play_Movie_XinShou_JZ_01_YN
15014,2020ֹؾս2VN,Movie_2008_YN,Play_Movie_XinShou_JZ_02_YN
15015,2020ֹؾսBGM,Movie_2008,Play_Movie_XinShou_JZ_BGM
8001,UIЧ,Ui,Play_Click
8002,˵,Ui,Play_Open
8003,رղ˵,Ui,Play_Close
8004,Ǯ,Ui,Play_Drop_Gold
8005,,Ui,Play_Drop_Special
8006,,Ui,Play_Drop_Other
8007,,Ui,Play_Error
8008,ɫ,Ui,Play_LevelUp
8009,յϢ,Ui,Play_SMS_Receive
8010,췢Ϣ,Ui,Play_SMS_Send
8011,Ϣ(Ҫ˽ĵ),Ui,Play_SMS_Special
8012,,Ui,Play_Misson
8013,Ǽ,Ui,Play_Ui_Star
8014,ǿЧ,Ui,Play_Ui_QiangHua
8015,Ui¼Ļ,Ui,Play_Ui_Show
8016,¼,Ui,Play_Show_Tw
8017,ҵ¼,Ui,Play_Show_Em
8018,һ¼,Ui,Play_Show_Th
8019,ң¼,Ui,Play_Show_Xy
8020,䵱¼,Ui,Play_Show_Wd
8021,̵¼,Ui,Play_Show_Tr
8022,ֵ¼,Ui,Play_Show_Sl
8023,̵¼,Ui,Play_Show_Cy
8024,սֹ,Ui,Play_Ui_ZhanDouLi
8025,Ч,Ui,Play_Ui_RenWuWanCheng
8026,򿪵,Ui,Play_Ui_BeiBao
8027,Եlogo,Ui,Play_Ui_JxqyLogo
8028,ǿɹЧ,Ui,Play_Ui_QiangHuaChengGong
8029,浯,Ui,Play_Ui_JiaZu
8030,սʱ,Ui,Play_Ui_DaoJiShi
8031,ɾʹ,Ui,Play_Ui_ChengJiu
8032,¾ϳЧ,Ui,Play_Ui_WuDaoDeJing
8033,ҡǮһ,Ui,Play_Ui_YaoQianShu
8034,ҡǮʫ,Ui,Play_Ui_YaoQianShu10
8035,½Ч,Ui,Play_Ui_ZhangJie
8036,ļ,Ui,Play_ZhaoMu_FanPai
8037,ļͨƷ,Ui,Play_ZhaoMu_PuTong
8038,ļͬЧ,Ui,Play_ZhaoMu_XinTongBan
8039,ļϴ赤,Ui,Play_ZhaoMu_XiSuiDan
8040,ŵ¼,Ui,Play_Show_Tm
8041,ص¼,Ui,Play_Show_Kl
8042,ü¼,New_Dc,Play_NewEm_Dc
8043,ص¼,New_Dc,Play_NewKl_Dc
8044,ɽŮ¼,New_Dc,Play_FemaleTs_Dc
8045,ɽе¼,New_Dc,Play_MaleTs_Dc
8046,е¼,New_Dc1807,Play_KunLun_DC_Male
8047,Ů¼,New_Dc1810,Play_TianWang_Dc_Female
8048,е¼,New_Dc1911,Play_TianRen_Dc_Male
8049,ţУ-¼,New_Dc1911,Play_YangMen_Dc_Male
8050,ţŮ-¼,New_Dc1911,Play_YangMen_Dc_Female
8051,,Ui_2104,Play_Ui_Chess_Up
8052,,Ui_2104,Play_Ui_Chess_Move
8053,,Ui_2104,Play_Ui_Chess_Eat
8054,,Ui_2104,Play_Ui_Chess_Down
2001,ṦŮ,Public,Play_Jump_Fm
2002,ṦŮһ,Public,Play_Jump_Fm
2003,Ṧ,Public,Play_Jump_M
2004,Ṧң,Public,Play_Jump_M
30101,,Vioce,Play_NaLanZhen_V01
30102,,Vioce,Play_NaLanZhen_V02
30103,,Vioce,Play_NaLanZhen_V03
30104,,Vioce,Play_NaLanZhen_V04
30105,,Vioce,Play_NaLanZhen_V05
30201,С,Vioce,Play_XiaoLiZi_V01
30202,С,Vioce,Play_XiaoLiZi_V02
30203,С,Vioce,Play_XiaoLiZi_V03
30301,Ӱ,Vioce,Play_YangYingFeng_V01
30302,Ӱ,Vioce,Play_YangYingFeng_V02
30303,Ӱ,Vioce,Play_YangYingFeng_V03
30304,Ӱ,Vioce,Play_YangYingFeng_V04
30401,Ǳ,Vioce,Play_NaLanQianBin_V01
30402,Ǳ,Vioce,Play_NaLanQianBin_V02
30403,Ǳ,Vioce,Play_NaLanQianBin_V03
30501,ҽ,Vioce,Play_HuShenYi_V01
30601,ü,Vioce,Play_YueMeiEr_V01
30602,ü,Vioce,Play_YueMeiEr_V02
30603,ü,Vioce,Play_YueMeiEr_V03
30701,׿Ƿ,Vioce,Play_ZhuoFeiFan_V01
30702,׿Ƿ,Vioce,Play_ZhuoFeiFan_V02
30703,׿Ƿ,Vioce,Play_ZhuoFeiFan_V03
30704,׿Ƿ,Vioce,Play_ZhuoFeiFan_V04
30705,׿Ƿ,Vioce,Play_ZhuoFeiFan_V05
30706,׿Ƿ,Vioce,Play_ZhuoFeiFan_V06
30801,,Vioce,Play_ZiXuan_V01
30802,,Vioce,Play_ZiXuan_V02
30901,Ǿޱ,Vioce,Play_QiangWei_V01
30902,Ǿޱ,Vioce,Play_QiangWei_V02
31001,֪,Vioce,Play_MengZhiQiu_V01
31002,֪,Vioce,Play_MengZhiQiu_V02
31003,֪,Vioce,Play_MengZhiQiu_V03
31101,ǵ,Vioce,Play_TianXingDaoZhang_V01
31102,ǵ,Vioce,Play_TianXingDaoZhang_V02
31201,,Vioce,Play_XiaoDongChen_V01
31301,īܿ,Vioce,Play_SuMoYun_V01
31401,Ľ,Vioce,Play_QinMuBai_V01
31501,½,Vioce,Play_DuGuJian_V01
31502,½,Vioce,Play_DuGuJian_V02
31503,½,Vioce,Play_DuGuJian_V03
31504,½,Vioce,Play_DuGuJian_V04
31601,˵α,Vioce,Play_ZhongShangDeSongBin_V01
31701,,Vioce,Play_JinBin_V01
31702,,Vioce,Play_JinBin_V02
31801,ʿ,Vioce,Play_ShenMiSiShi_V01
31901,η,Vioce,Play_SongFangJiangJun_V01
31902,η,Vioce,Play_SongFangJiangJun_V02
31903,η,Vioce,Play_SongFangJiangJun_V03
32001,ͷ,Vioce,Play_ShenMiRenTouLing_V01
32002,ͷ,Vioce,Play_ShenMiRenTouLing_V02
32101,,Vioce,Play_ZhangLinXin_V01
32102,,Vioce,Play_ZhangLinXin_V02
32103,,Vioce,Play_ZhangLinXin_V03
33001,ѩ,Vioce,Play_YanRuoXue_V01
,ͨñ-ħЧ,Public,Play_Hit_An
,ͨñ-ӵ,Public,Play_Hit_Gun
,ͨñ-ػӵ,Public,Play_Hit_Hammer
,ͨñ-,Public,Play_Hit_Knife
,ͨñ-ȭŵ,Public,Play_Hit_Quan
6811,̿ͷĿչ,Npc,Play_Npc_Ciketoumu01
6815,̿ͷĿǽ,Npc,Play_Npc_Ciketoumu02
6812,̿ͷĿ,Npc,Play_Npc_Ciketoumu03
6814,̿ͷĿλ,Npc,Play_Npc_Ciketoumu04
5041,ҹ չ,Npc,Play_Npc_Fujiagongzi01
6394,ҹ εķ,Npc,Play_Npc_Fujiagongzi02
6392,ҹ ӵĻ,Npc,Play_Npc_Fujiagongzi03
6396,ҹ ԲζҺ,Npc,Play_Npc_Fujiagongzi04
5090, չ,Npc,Play_Npc_Kulou01
15090, չ,Npc,Play_Npc_Kulou01_Hit
5092, ,Npc,Play_Npc_Kulou02
5093, ,Npc,Play_Npc_Kulou03
, ,Npc,Play_Npc_Kulou04
6340,ս չ,Npc,Play_Npc_Longzhantian01
16340,ս չ,Npc,Play_Npc_Longzhantian01_Hit
6323,ս ӵ,Npc,Play_Npc_Longzhantian02
6325,ս ,Npc,Play_Npc_Longzhantian03
,ս ѣ,Npc,Play_Npc_Longzhantian03_Hit
6327,ս ʯ,Npc,Play_Npc_Longzhantian04
,ս ,Npc,Play_Npc_Longzhantian05
5166,ǿͷĿ չ,Npc,Play_Npc_Qiangdaotoumu01
6804,ǿͷĿ εӵ,Npc,Play_Npc_Qiangdaotoumu02
6802,ǿͷĿ ն,Npc,Play_Npc_Qiangdaotoumu03
6801,ǿͷĿ ػ,Npc,Play_Npc_Qiangdaotoumu04
6317, չ,Npc,Play_Npc_Qingyifuwang01
6308, ʨӺ,Npc,Play_Npc_Qingyifuwang02
6310, ,Npc,Play_Npc_Qingyifuwang03
6312, ,Npc,Play_Npc_Qingyifuwang04
, ,Npc,Play_Npc_Qingyifuwang05
6386,ش̿ չ,Npc,Play_Npc_Shenmicike01
6389,ش̿ ն,Npc,Play_Npc_Shenmicike02
6387,ش̿ ҵػ,Npc,Play_Npc_Shenmicike03
6359,ռܹ չ,Npc,Play_Npc_Sujiazongguan01
6357,ռܹ ,Npc,Play_Npc_Sujiazongguan02
6361,ռܹ ҵ,Npc,Play_Npc_Sujiazongguan03
6355,ռܹ ҵص,Npc,Play_Npc_Sujiazongguan03a
6816,ī ն,Npc,Play_Npc_Sumoyun01
6821,ī ն˫ӵ,Npc,Play_Npc_Sumoyun02
6822,ī ޵ն,Npc,Play_Npc_Sumoyun03
6818,ī ޵ն1,Npc,Play_Play_Npc_Sumoyun03a
,ī ޵ն2,Npc,Play_Play_Npc_Sumoyun03b
,ī ޵ն3,Npc,Play_Play_Npc_Sumoyun03c
5021,׳ չ,Npc,Play_Npc_Wumingzhuanghan01
6806,׳ ,Npc,Play_Npc_Wumingzhuanghan02
6808,׳ ,Npc,Play_Npc_Wumingzhuanghan03
6335,Ф չ,Npc,Play_Npc_Xiaodongchen01
6341,Ф ̵,Npc,Play_Npc_Xiaodongchen02
6343,Ф ̵ĳ,Npc,Play_Npc_Xiaodongchen02a
6336,Ф ˰ն,Npc,Play_Npc_Xiaodongchen03
6337,Ф Χ׻,Npc,Play_Npc_Xiaodongchen04
6338,½չ,Npc,Play_DuGuJian_Skill01
6339,½,Npc,Play_DuGuJian_Skill03
6340,½굥Ч,Npc,Play_DuGuJian_Skill02
6341,½ȫЧ,Npc,Play_DuGuJian_BiSha
40001,_,Instrument_KongHou,Play_Instrument_KongHou_Low_01
40002,_,Instrument_KongHou,Play_Instrument_KongHou_Low_02
40003,_,Instrument_KongHou,Play_Instrument_KongHou_Low_03
40004,_,Instrument_KongHou,Play_Instrument_KongHou_Low_04
40005,_,Instrument_KongHou,Play_Instrument_KongHou_Low_05
40006,_,Instrument_KongHou,Play_Instrument_KongHou_Low_06
40007,_乬,Instrument_KongHou,Play_Instrument_KongHou_Low_07
40008,_,Instrument_KongHou,Play_Instrument_KongHou_Mid_01
40009,_,Instrument_KongHou,Play_Instrument_KongHou_Mid_02
40010,_,Instrument_KongHou,Play_Instrument_KongHou_Mid_03
40011,_,Instrument_KongHou,Play_Instrument_KongHou_Mid_04
40012,_,Instrument_KongHou,Play_Instrument_KongHou_Mid_05
40013,_,Instrument_KongHou,Play_Instrument_KongHou_Mid_06
40014,_乬,Instrument_KongHou,Play_Instrument_KongHou_Mid_07
40015,_,Instrument_KongHou,Play_Instrument_KongHou_High_01
40016,_,Instrument_KongHou,Play_Instrument_KongHou_High_02
40017,_,Instrument_KongHou,Play_Instrument_KongHou_High_03
40018,_,Instrument_KongHou,Play_Instrument_KongHou_High_04
40019,_,Instrument_KongHou,Play_Instrument_KongHou_High_05
40020,_,Instrument_KongHou,Play_Instrument_KongHou_High_06
40021,_乬,Instrument_KongHou,Play_Instrument_KongHou_High_07
40022,_,Instrument_PiPa,Play_Instrument_PiPa_Low_01
40023,_,Instrument_PiPa,Play_Instrument_PiPa_Low_02
40024,_,Instrument_PiPa,Play_Instrument_PiPa_Low_03
40025,_,Instrument_PiPa,Play_Instrument_PiPa_Low_04
40026,_,Instrument_PiPa,Play_Instrument_PiPa_Low_05
40027,_,Instrument_PiPa,Play_Instrument_PiPa_Low_06
40028,_乬,Instrument_PiPa,Play_Instrument_PiPa_Low_07
40029,_,Instrument_PiPa,Play_Instrument_PiPa_Mid_01
40030,_,Instrument_PiPa,Play_Instrument_PiPa_Mid_02
40031,_,Instrument_PiPa,Play_Instrument_PiPa_Mid_03
40032,_,Instrument_PiPa,Play_Instrument_PiPa_Mid_04
40033,_,Instrument_PiPa,Play_Instrument_PiPa_Mid_05
40034,_,Instrument_PiPa,Play_Instrument_PiPa_Mid_06
40035,_乬,Instrument_PiPa,Play_Instrument_PiPa_Mid_07
40036,_,Instrument_PiPa,Play_Instrument_PiPa_High_01
40037,_,Instrument_PiPa,Play_Instrument_PiPa_High_02
40038,_,Instrument_PiPa,Play_Instrument_PiPa_High_03
40039,_,Instrument_PiPa,Play_Instrument_PiPa_High_04
40040,_,Instrument_PiPa,Play_Instrument_PiPa_High_05
40041,_,Instrument_PiPa,Play_Instrument_PiPa_High_06
40042,_乬,Instrument_PiPa,Play_Instrument_PiPa_High_07
40043,,Instrument_Drum01,Play_Instrument_Drum01_BassDrum_1
40044,̽1,Instrument_Drum01,Play_Instrument_Drum01_FX_1
40045,̽2,Instrument_Drum01,Play_Instrument_Drum01_FX_2
40046,,Instrument_Drum01,Play_Instrument_Drum01_BassDrum_2
40047,,Instrument_Drum02,Play_Instrument_Drum02_BassDrum_1
40048,̽1,Instrument_Drum02,Play_Instrument_Drum02_FX_1
40049,̽2,Instrument_Drum02,Play_Instrument_Drum02_FX_2
40050,,Instrument_Drum02,Play_Instrument_Drum02_BassDrum_2
40051,ı,Instrument_Drum01,Play_Instrument_Drum01_Side_Stick
40052,ı,Instrument_Drum02,Play_Instrument_Drum02_Side_Stick
